label,IronSulfate,FerricIron1,FerricIron2,FerrousIron,ClaySulfateMica,lon,lat
1,-0.11410237268939627,3.306082293832855,8.146990380599897,1.2199021163096377,0.5602251694490752,-107.66699447321058,37.91829238456286
1,0.0645655979763673,3.93671736326119,10.841166200329871,1.21539422247392,0.688464095726067,-107.66672497862534,37.91829238456286
1,-0.2897644353123169,2.769964219137815,5.936844367762568,1.1293684747233859,0.31177074178371156,-107.66726396779582,37.91856187914809
1,0.1025231232528464,3.8292550631784508,10.254755573149705,1.1892651148796807,0.6877548432454169,-107.66645548404011,37.91856187914809
1,0.1025231232528464,3.8292550631784508,10.254755573149705,1.1892651148796807,0.6877548432454169,-107.66618598945487,37.91856187914809
1,9.15502971450266E-5,2.642615989697539,6.6249403256463815,1.21300255607845,0.570382381285355,-107.66726396779582,37.91883137373333
1,0.05563651740855369,4.063078464395117,11.307094230185799,1.2350632658798884,0.67575259343863,-107.66591649486963,37.91883137373333
1,0.10822458987428796,4.452167638746918,12.292297491077493,1.1806017360104133,0.7058727549271913,-107.6656470002844,37.91883137373333
1,0.16245516306728724,4.720454327614304,11.844049128170399,1.0388791593695272,0.7160591283743454,-107.66537750569917,37.91883137373333
1,-0.009151639775528686,2.0482770532861214,5.006301977670202,1.2771574724432964,0.34082589317661927,-107.66753346238106,37.919100868318566
1,0.08501711190801742,4.469939716504645,11.320943662198545,1.1089512264821795,0.5847580350425492,-107.66510801111393,37.919100868318566
1,0.08501711190801742,4.469939716504645,11.320943662198545,1.1089512264821795,0.5847580350425492,-107.66483851652869,37.919100868318566
1,0.0013901520919413768,1.9933205659299231,4.915232797572669,1.3035909818822222,0.25005957420388825,-107.66780295696628,37.919370362903805
1,0.0013901520919413768,1.9933205659299231,4.915232797572669,1.3035909818822222,0.25005957420388825,-107.66753346238106,37.919370362903805
1,0.08744368140384307,3.5572552289121675,9.103261517134506,1.151607313544984,0.5804230321292054,-107.66510801111393,37.919370362903805
1,-0.010215336998687485,2.0505516424608863,5.048544989712363,1.271047662963217,0.30139692395633166,-107.66726396779582,37.91963985748904
1,-0.013224676207242214,2.448154053202278,6.0048350258677194,1.226973952611877,0.4288543086332983,-107.66699447321058,37.91963985748904
1,0.0061618943808010584,2.6133512544802873,6.396380589644908,1.2115346678270962,0.4987995423191831,-107.66672497862534,37.91963985748904
1,0.04725025292575191,2.950185526409527,7.518568414687985,1.2017738117069037,0.5355681871733038,-107.66537750569917,37.91963985748904
1,0.03137816695338791,4.273220460236079,10.540337710522367,1.1031132700375361,0.5944785113250282,-107.66645548404011,37.91990935207428
1,0.03137816695338791,4.273220460236079,10.540337710522367,1.1031132700375361,0.5944785113250282,-107.66618598945487,37.91990935207428
1,0.07928518245827598,3.245941038663875,7.901226969504456,1.0953668657171087,0.533468808806683,-107.66537750569917,37.91990935207428
1,0.07411975368029045,3.9720032342834046,9.1081570843225,1.0204859584597734,0.5906133313471174,-107.66591649486963,37.92017884665951
1,0.052760222243850796,3.941796775019197,9.152397001878091,0.9843707271924105,0.5898328776053072,-107.6656470002844,37.92017884665951
1,-0.43870765593742633,2.7364939360529226,5.828191339408286,1.1588905267842242,0.14149665954817925,-107.67049790281865,37.921256825000455
1,-0.1217016845628267,3.032146777481574,7.463366101776438,1.2156896393221586,0.47136689829473144,-107.67022840823341,37.921256825000455
1,0.06875778627924323,3.637920301356425,8.530108329752455,1.0413318251234251,0.4435221634454032,-107.66591649486963,37.921256825000455
1,0.03447825357577283,3.7801802798208266,9.310497978781479,1.1120619738792406,0.4172412139592918,-107.6656470002844,37.921256825000455
1,-0.13016759954999868,2.8734856535600435,7.2932884571230225,1.3126419541461327,0.44390165091888134,-107.67049790281865,37.92152631958569
1,-0.023302113855153683,3.2726978867833036,8.68855434486989,1.2356508128227566,0.5572157538964457,-107.66995891364817,37.92152631958569
1,-0.07499799161940257,3.222376028010748,7.871678876537063,1.1699295177030786,0.517829155963579,-107.66968941906293,37.92152631958569
1,-0.1481850323006464,3.1784388342305556,7.116683894446754,1.1269521732067853,0.4099280821525064,-107.66941992447771,37.92152631958569
1,0.08798623225117164,3.684853866092677,8.808496504155983,1.0665686853646763,0.6149114388149999,-107.66645548404011,37.92152631958569
1,0.0340311724712401,2.909686393533253,6.472217543943911,1.053756616398466,0.5160549511833317,-107.66618598945487,37.92152631958569
1,0.04681000271783775,2.8110035659704526,7.068896983196945,1.209967464844335,0.3363332676918638,-107.66537750569917,37.92152631958569
1,0.10609299180099563,4.016967361908642,10.179436563021248,1.113763598530278,0.4968778865449677,-107.66510801111393,37.92152631958569
1,0.05954279582301991,3.4687763368947615,8.006528830165342,1.055756828083764,0.45822053650629835,-107.66483851652869,37.92152631958569
1,-0.18259436419972142,2.571915861284821,6.654841923107574,1.3214074084779812,0.38890467146657026,-107.67049790281865,37.92179581417093
1,-0.06680769084808036,2.9843424744320757,8.26159111707582,1.3307760525908305,0.5377324124597618,-107.67022840823341,37.92179581417093
1,0.0013223273993789864,3.6549391644686446,9.380305661620044,1.1798649514283532,0.5631300861942601,-107.66915042989247,37.92179581417093
1,-0.02301765024728697,3.858182718494679,9.316089394837082,1.1110622617387935,0.46871066063087286,-107.66888093530723,37.92179581417093
1,-0.07942240210444895,4.093111201962387,9.559643629136536,1.0948073041692046,0.4649213632878668,-107.66861144072199,37.92179581417093
1,0.026269642140682392,4.1429504847072245,10.40964723587646,1.1292914649100592,0.5839365398619955,-107.66834194613676,37.92179581417093
1,0.08363649030858722,3.7746801481241965,9.46441426281379,1.1455135841219495,0.6408314059648029,-107.66672497862534,37.92179581417093
1,0.059445941015480175,3.1066915041274017,7.24471088834974,1.1199890492393134,0.5592526280704488,-107.66645548404011,37.92179581417093
1,0.05222765532689322,3.208853666346462,7.606429975259168,1.1043149995775632,0.5009574020631831,-107.66483851652869,37.92179581417093
1,-0.07458698263921804,3.3474486980081277,8.75502829250822,1.27875531968883,0.521751969700762,-107.66995891364817,37.92206530875616
1,0.007794655969380004,3.93169006300431,10.693969132009197,1.243274223329244,0.5316652623625286,-107.66968941906293,37.92206530875616
1,0.0528433898914924,4.286229130606813,11.083091850636226,1.1282986012547072,0.5684927556536828,-107.66807245155152,37.92206530875616
1,0.05544623681381533,4.692079371186721,12.63987295938586,1.1409912777386897,0.6291855048011685,-107.66780295696628,37.92206530875616
1,0.0696976754728802,4.335101253616201,11.591106471800634,1.1524510448153502,0.6184788581500731,-107.66753346238106,37.92206530875616
1,0.0782811679492037,3.835530307848775,10.080946163466736,1.1788151897909662,0.5914442962781341,-107.66726396779582,37.92206530875616
1,0.06257627561076418,3.750195198126098,9.470386299626199,1.151428496984067,0.56849808378527,-107.66699447321058,37.92206530875616
1,0.05183537141916306,2.8928712373981993,6.730559578999811,1.1373395665108375,0.45884710475926016,-107.66618598945487,37.92206530875616
1,-0.01291999487469897,2.2311886901327176,5.24975882520985,1.199548813365182,0.3477161071831949,-107.66591649486963,37.92206530875616
1,-0.014518914021040885,2.3828042100433047,6.080401281829004,1.303989099118345,0.3437701959868513,-107.6656470002844,37.92206530875616
1,0.010981689583418053,2.622647868336797,6.410273777363322,1.23585159000249,0.41621830377452707,-107.66510801111393,37.92206530875616
1,0.045548661909694754,4.174029614283103,10.868502091752587,1.1594290402984844,0.489689890358447,-107.66941992447771,37.9223348033414
1,0.07177466397757715,3.806938372584968,10.03834948434427,1.178842689087505,0.6002751427811928,-107.66672497862534,37.9223348033414
1,0.039382994333807764,3.7759654727873997,9.970038127997812,1.2094762355166706,0.572173805039504,-107.66645548404011,37.9223348033414
1,0.06274064052341943,3.3738009592326135,8.3607427158172,1.1534128387113796,0.6127022853933974,-107.66618598945487,37.9223348033414
1,-0.016094386942015593,2.3445491251682364,6.046360666855711,1.301484098065538,0.41487963704260955,-107.66537750569917,37.9223348033414
1,-0.009955014611485735,2.3914975517251134,5.917713017179756,1.2463790002608492,0.43073067995824865,-107.66510801111393,37.9223348033414
1,0.06260008598921374,4.191012533934039,10.54937602188578,1.1006288906216048,0.5327069732578353,-107.66915042989247,37.92260429792663
1,0.09766841839010043,3.8912455516014224,10.088757826607548,1.176207073572722,0.5563214984062306,-107.66672497862534,37.92260429792663
1,0.051133122472882375,3.6067979915025097,9.539220811315534,1.2347819346837536,0.6462805614035296,-107.66645548404011,37.92260429792663
1,0.1070069902546199,3.5824639067803914,9.275554457718318,1.1330075071725934,0.6055959445647507,-107.66888093530723,37.92287379251187
1,0.07591302363806762,3.9269479704982184,9.832503351835387,1.1319318857642218,0.4858756250241134,-107.66726396779582,37.92287379251187
1,0.07009311842380606,3.5947444334264853,9.083564755096091,1.1807087602151594,0.5393585563757552,-107.66699447321058,37.92287379251187
1,0.08492331552180565,3.554395716955093,9.512763550536533,1.1849703108425669,0.5711229216302558,-107.66861144072199,37.923143287097105
1,0.028742849863907294,3.729199354627643,10.358382121835533,1.2794194227899534,0.5514513360991716,-107.66834194613676,37.923143287097105
1,0.06541490348813594,3.7245838287752666,9.80827123455851,1.1980318371675007,0.5177380169694048,-107.66753346238106,37.923143287097105
1,0.11143064054329244,3.638724542759687,9.335940194248757,1.1517637864934542,0.5163018795278171,-107.66834194613676,37.92341278168234
1,0.11143064054329244,3.638724542759687,9.335940194248757,1.1517637864934542,0.5163018795278171,-107.66807245155152,37.92341278168234
1,0.06298584727395351,3.0770466963588783,7.780250212652384,1.1881365985933396,0.44234090820876837,-107.66780295696628,37.92341278168234
1,0.08461160143852076,2.137346009231804,4.2422747220437715,0.9877067174008488,0.16551816975779476,-107.66968941906293,37.92368227626758
1,0.08461160143852076,2.137346009231804,4.2422747220437715,0.9877067174008488,0.16551816975779476,-107.66941992447771,37.92368227626758
1,0.17118328395854365,2.4671675034640232,5.386005826907297,1.0289487738665288,0.2643441989021479,-107.66915042989247,37.92368227626758
1,0.20919716600030558,2.7466027375759223,6.2915925394258885,1.0490195668677291,0.3465141078539695,-107.66888093530723,37.92368227626758
1,0.22375205720027302,2.9580186413609955,7.061201347359875,1.0838081020450874,0.3957583946988068,-107.66861144072199,37.92368227626758
1,0.04124851465830259,1.9958294847034452,4.289218856050661,1.0664873099737449,0.11261755929460326,-107.66753346238106,37.92368227626758
1,-0.026146471754129097,1.9374545982856308,3.7600832266548045,0.9978533499039657,0.03985558982473947,-107.66726396779582,37.92368227626758
1,0.09156867294702131,3.4919174439707943,9.27535568608012,1.1926610912091584,0.5615827043343873,-107.66537750569917,37.92368227626758
1,0.15285511886548275,2.4190892649877194,4.986438283937964,0.9604935390718433,0.31428917212855656,-107.66968941906293,37.92395177085281
1,-0.0592143335581532,1.84696441955822,3.4246403614095144,0.9701777485187624,-0.08410876036994375,-107.66699447321058,37.92395177085281
1,0.10421035232649856,3.4466503058496025,8.660534481649059,1.1373038229376258,0.4930834478822739,-107.66537750569917,37.92395177085281
1,0.11798575445739634,3.9279880300422607,10.019217714276127,1.1497037944663737,0.5859819087259741,-107.66510801111393,37.92395177085281
1,0.04317023373180262,3.57874000496645,9.04389369482941,1.1539815570340928,0.5132414444509651,-107.66483851652869,37.92395177085281
1,0.12510514092180336,2.314632375816654,4.422402886797223,0.9243509432595864,0.1517174678058828,-107.66941992447771,37.92422126543805
1,-0.03145808540736139,2.374017348875033,4.623286135271151,0.9410728755874886,0.09748863771472394,-107.66672497862534,37.92422126543805
1,0.14013371480110237,4.105032317856725,10.112203474207345,1.0950653905983332,0.5985467663862267,-107.66510801111393,37.92422126543805
1,0.12362391422269325,4.206409434423344,10.396682108851737,1.1039408423529777,0.6298881528658108,-107.66456902194346,37.92422126543805
1,0.04270747784643425,1.9874525563741912,3.528435029251531,0.9054332683198663,0.047563215176601004,-107.66941992447771,37.92449076002328
1,-0.007960719588742893,2.0932438265370337,3.9446161254164416,0.9502699134809482,-0.0527265724394308,-107.66753346238106,37.92449076002328
1,0.01931616951753301,2.07669740154812,4.097821769527837,0.9684580749840133,0.023271498804942503,-107.66726396779582,37.92449076002328
1,0.01931616951753301,2.07669740154812,4.097821769527837,0.9684580749840133,0.023271498804942503,-107.66699447321058,37.92449076002328
1,0.12362391422269325,4.206409434423344,10.396682108851737,1.1039408423529777,0.6298881528658108,-107.66483851652869,37.92449076002328
1,0.09104967532218178,4.194287245442419,10.26981286672202,1.1132861206950224,0.647873812355115,-107.66429952735822,37.92449076002328
1,0.07303363016876019,1.9155652173913038,3.435721525720423,0.9215425765921131,0.04381826616944995,-107.66941992447771,37.92476025460852
1,0.09081455486967283,2.683277754450147,5.865883255437845,1.0337889335487063,0.20162597133222004,-107.66753346238106,37.92476025460852
1,0.030324046456686404,3.8375194875707104,8.959152079915256,1.088460649692954,0.5467159762718592,-107.66456902194346,37.92476025460852
1,0.07279188247922119,4.1277850723581775,10.206584922257111,1.1216416751623175,0.6545419627023865,-107.66403003277298,37.92476025460852
1,0.09843584098180358,2.083292984710631,3.768181179997732,0.9672799415413142,-0.037765784188862894,-107.66995891364817,37.925029749193754
1,0.09843584098180358,2.083292984710631,3.768181179997732,0.9672799415413142,-0.037765784188862894,-107.66968941906293,37.925029749193754
1,0.10088649833674479,3.0733989777510535,7.79442729717768,1.1740016474288342,0.44047925454503845,-107.66753346238106,37.925029749193754
1,0.013058876976512979,3.7388184499438273,8.717132458529932,1.1251034334237073,0.5970067150341956,-107.66429952735822,37.925029749193754
1,0.04298836175707732,3.980855028569664,9.523641713303846,1.1159380493508921,0.6162926775079165,-107.66376053818774,37.925029749193754
1,0.059772224299771914,2.4842560824878763,4.783838596990071,0.9782185063188527,0.0732147818669664,-107.66968941906293,37.925299243778994
1,0.027725504282798408,2.3134849391581875,5.077637096355223,1.1049553178796134,0.16318480222944753,-107.66780295696628,37.925299243778994
1,-0.01566958336530777,3.5015650893021553,8.397402116068664,1.1608006935140673,0.6013411143065801,-107.66403003277298,37.925299243778994
1,0.03867698950754961,3.732187441088529,9.700338704734978,1.1785117131656335,0.6947470488315411,-107.66349104360252,37.925299243778994
1,-0.008183206475297577,2.7215349037852374,5.243488883719863,0.9960074030055384,0.08043515146575342,-107.66968941906293,37.92556873836423
1,0.07387758084719742,2.3540172166427555,5.174592001748484,1.0555084841501163,0.17919430738747488,-107.66807245155152,37.92556873836423
1,0.113047149000715,2.483576223169393,5.350725222046554,1.0169060213162875,0.2429554405767702,-107.66780295696628,37.92556873836423
1,-0.02662375977194209,3.39079819459243,8.368461555276209,1.1901245966674088,0.6302437977218811,-107.66376053818774,37.92556873836423
1,0.05019606334750848,3.591397155975109,9.344005568888804,1.1926616765186697,0.6778483419972926,-107.66322154901728,37.92556873836423
1,0.025449674670068756,2.4807132731478023,5.024228486472131,1.0043796553818614,0.2096774717842953,-107.66941992447771,37.92583823294947
1,0.02393731011760325,2.2279952899617315,4.6316370225540195,1.0382301137231345,0.188206091795035,-107.66915042989247,37.92583823294947
1,0.07008617332519673,2.079955886407499,4.874401466073395,1.2118332912917962,0.2516781698509629,-107.66888093530723,37.92583823294947
1,0.07008617332519673,2.079955886407499,4.874401466073395,1.2118332912917962,0.2516781698509629,-107.66861144072199,37.92583823294947
1,0.0858759787210509,2.385198468735728,5.737471179723816,1.219441886955528,0.27268572870739516,-107.66834194613676,37.92583823294947
1,-0.24782574053076156,3.0970692794589447,6.6708153028095385,1.0950385851916873,0.32420911485534853,-107.66349104360252,37.92583823294947
1,-0.052336207460678796,3.4399737876802106,8.387977491289961,1.1827886904918343,0.5924081137521797,-107.66295205443204,37.92583823294947
1,-0.1573964199566653,3.1742352356423127,7.324539132338589,1.1737841368206812,0.39792141442396645,-107.66322154901728,37.9261077275347
1,-0.0741368357975134,3.3633876163996663,7.923153590215627,1.1533915518171283,0.5288390044199225,-107.6626825598468,37.9261077275347
1,-0.3660896999505341,2.6637108594904744,5.384917118224859,1.0986842695791958,0.16552197804393987,-107.66295205443204,37.92637722211993
0,-3.9423433467857727,1.8965012396073748,1.4357245661904754,0.6532422767609926,-3.3167507054785217,-107.68019970788714,37.91586693329574
0,-4.9066126681578535,1.6725791617395882,1.137052010733221,0.6228426012245206,-4.614219690187637,-107.68019970788714,37.91613642788097
0,-4.548519872528098,1.6964501328181607,1.4560569694593413,0.7109257031709876,-4.130647965441085,-107.6799302133019,37.91613642788097
0,-4.42703803966956,1.801086113266099,1.2728081986814639,0.652940593077457,-4.279619559377759,-107.68046920247237,37.91640592246621
0,-4.137879937262166,1.6750385856601664,1.4508050885080448,0.7252901770909331,-3.899732700781617,-107.67966071871666,37.91640592246621
0,-4.015644762439169,1.6545166402535663,1.3046490385429605,0.6710021873603501,-3.8487487745338855,-107.68019970788714,37.916675417051444
0,-2.205156789273725,1.9031317515925517,2.397521242688245,0.9476229870310662,-1.8212497179491485,-107.67939122413144,37.916675417051444
0,-4.139134184424188,1.6114785073216829,1.3081944107747911,0.6454715206312214,-3.7674507895936267,-107.68019970788714,37.91694491163668
0,-3.3677171032385784,1.7650436655102288,1.5878975832053872,0.7676502445268653,-3.1841274845081706,-107.67939122413144,37.91694491163668
0,-4.627283892538344,1.7151481888035134,1.123078468238889,0.5886215875407366,-4.395719546622151,-107.6799302133019,37.917214406221916
0,-1.678268869512886,2.1655515908415097,3.031422964414796,1.0058873116876053,-1.135957555268794,-107.6791217295462,37.917214406221916
0,-4.925499576124181,1.6734913407865393,1.1195523381252794,0.614476501732351,-4.460787668166757,-107.67184537574482,37.917214406221916
0,-4.743304196889428,1.5732426913228026,1.1489645869450529,0.6086666578786362,-4.281802600117123,-107.67157588115958,37.917214406221916
0,-4.1668827373837525,1.662604036323524,1.2480650493535452,0.6452430577196371,-3.8164863460876246,-107.67130638657436,37.917214406221916
0,-4.1668827373837525,1.662604036323524,1.2480650493535452,0.6452430577196371,-3.8164863460876246,-107.67103689198912,37.917214406221916
0,-2.829362350463229,1.8285407121957145,1.7181211744733953,0.7643302810872277,-2.314932608646372,-107.67076739740388,37.917214406221916
0,-2.1298174581902125,2.048481103716564,2.3234969619781354,0.8491586586645226,-1.743789029866107,-107.67049790281865,37.917214406221916
0,-4.837824118501022,1.585256256787966,1.0760473111100297,0.5811870254851399,-4.5314392861915165,-107.6799302133019,37.91748390080715
0,-2.7769344929095046,1.966897177190796,2.083214899715653,0.8235037499071803,-2.4358238580644898,-107.67885223496096,37.91748390080715
0,-4.608649279582917,1.6844039629274525,1.2798651920345367,0.6472593145952,-4.265987688721212,-107.67211487033006,37.91748390080715
0,-2.1560490528838807,1.8954900434819522,2.231394548277063,0.8497097609434692,-1.7861585201682506,-107.67022840823341,37.91748390080715
0,-1.064931058148622,2.2187002902454256,3.1997661241807496,0.9381980613529701,-0.8017025481284095,-107.66995891364817,37.91748390080715
0,-1.064931058148622,2.2187002902454256,3.1997661241807496,0.9381980613529701,-0.8017025481284095,-107.66968941906293,37.91748390080715
0,-1.8919955659839847,2.0830717706948816,2.4484418254337847,0.8845777167946022,-1.5265814486967595,-107.66941992447771,37.91748390080715
0,-2.6222877012907215,2.0050056185514356,2.139391080475267,0.8380932075005892,-2.333455353593299,-107.66915042989247,37.91748390080715
0,-4.9398840681682525,1.6459757703935531,1.0170520615364815,0.5563366535926728,-4.939539609486394,-107.67966071871666,37.91775339539239
0,-4.573257831295245,1.7856621874927363,1.3669052022102213,0.6735067583232847,-3.948207529968727,-107.67885223496096,37.91775339539239
0,-4.399059874853048,1.8504995428632163,1.4311120722643995,0.6527303333834102,-4.0303161496313145,-107.6723843649153,37.91775339539239
0,-4.388406853291681,1.6908064499624558,1.2479482545838918,0.6485570750996548,-4.234888392450721,-107.66915042989247,37.91775339539239
0,-5.0,1.7879123925700022,1.1017720548252536,0.5990887328992867,-4.6908324451791765,-107.67966071871666,37.91802288997762
0,-4.724549157583141,1.6894362870293749,1.3033665475515748,0.6566866802598765,-4.242288311840755,-107.67885223496096,37.91802288997762
0,-4.381994376262097,1.576028689992968,1.3209544114131564,0.6873601786901242,-4.030406713479204,-107.67858274037572,37.91802288997762
0,-4.5664966521985235,1.8129210042865913,1.3178239491085038,0.6438366838086332,-4.347660962541341,-107.67265385950053,37.91802288997762
0,-3.4506680522462743,1.722738230941041,1.5336709054324849,0.747069553618331,-3.0702176679785897,-107.66915042989247,37.91802288997762
0,-4.971507664682608,1.651512619087414,1.1650979474731864,0.6402081640415637,-4.487798632265996,-107.67939122413144,37.91829238456286
0,-4.05880515551301,1.663933098934138,1.4113969993806617,0.7207452316020009,-3.690444364523345,-107.6791217295462,37.91829238456286
0,-5.0,1.771044761960204,1.1786726546985555,0.6053374452023579,-4.791983707802608,-107.67265385950053,37.91829238456286
0,-2.8820779174645366,1.7554530005682498,1.8064180359719666,0.8184137009480588,-2.586886029999808,-107.66915042989247,37.91829238456286
0,-4.721956841162606,1.736701337295689,1.208029495545659,0.6043851040752025,-4.740669779397523,-107.67265385950053,37.91856187914809
0,-2.9111717799269017,1.7216110823587676,1.79910457819952,0.815529285687706,-2.570860752943052,-107.66915042989247,37.91856187914809
0,-3.3689830658679436,1.8676524953789315,1.6170325861840613,0.7070786799899237,-2.9288255457465997,-107.67292335408577,37.91883137373333
0,-3.8932965534972057,1.6973046826481173,1.3342687279875605,0.6900467343864664,-3.4346510892570645,-107.66968941906293,37.91883137373333
0,-3.7313823053688955,1.7420168067226882,1.475255435956744,0.7414246604756025,-3.3133412726380063,-107.66941992447771,37.91883137373333
0,-3.22996535502872,1.673024167210975,1.617704198742657,0.7526514492933608,-2.992873331895904,-107.66915042989247,37.91883137373333
0,-4.286789795175814,1.718729606264956,1.2044849506451205,0.6446364345658341,-4.114070448667152,-107.67292335408577,37.919100868318566
0,-4.918851944903518,1.6145597158594336,0.9700775216093471,0.5892108782573038,-4.551399831474445,-107.67103689198912,37.919100868318566
0,-4.262977709808274,1.5518806620574068,1.0462884103279062,0.6329748576102603,-4.062740778500793,-107.67076739740388,37.919100868318566
0,-4.276685518226481,1.6090156703829317,1.1427050774944676,0.6456596105252863,-4.14535027652669,-107.67049790281865,37.919100868318566
0,-3.988801783877456,1.7114167478091542,1.3343693216795574,0.6552260537352067,-3.8490896335156624,-107.67022840823341,37.919100868318566
0,-3.988801783877456,1.7114167478091542,1.3343693216795574,0.6552260537352067,-3.8490896335156624,-107.66995891364817,37.919100868318566
0,-4.468274320990213,1.7044860189096769,1.226778745930642,0.6098504035389866,-4.16443883825027,-107.67292335408577,37.919370362903805
0,-4.699952890231102,1.690323795180724,1.2481047249868544,0.6200060942578547,-4.4392257726891104,-107.67211487033006,37.919370362903805
0,-4.412126335269228,1.715366105190789,1.1835928687718058,0.6477516887453049,-4.2198789363192315,-107.67184537574482,37.919370362903805
0,-4.600346126858378,1.7232215681059087,1.190815055083053,0.612148185960381,-4.337378534654814,-107.67157588115958,37.919370362903805
0,-4.600346126858378,1.7232215681059087,1.190815055083053,0.612148185960381,-4.337378534654814,-107.67130638657436,37.919370362903805
0,-4.988462018776207,1.6836381880787354,1.2357793019754588,0.6112973742902694,-4.67839834155242,-107.67292335408577,37.91963985748904
0,-4.988462018776207,1.6836381880787354,1.2357793019754588,0.6112973742902694,-4.67839834155242,-107.67265385950053,37.91963985748904
0,-4.049882330483738,1.7054535033402813,1.4081589227216333,0.6841910303920706,-3.6572545134256,-107.6723843649153,37.91963985748904
0,-5.0,1.5794891345787256,1.004376010612511,0.5480635274449708,-4.895703926126829,-107.68478111583615,37.92395177085281
0,-5.0,1.4773149869840099,0.8760429804541123,0.5466799017815162,-5.030105044134195,-107.6845116212509,37.92395177085281
0,-4.378300896765918,1.6473622163277337,1.2187119795751102,0.6307646372248307,-3.6912772826738705,-107.68424212666568,37.92395177085281
0,-3.7093786653144853,1.6912411678442882,1.5701359665834758,0.7555385950421862,-3.1617643872560963,-107.68397263208044,37.92395177085281
0,-4.066159093464935,1.6514285714285746,1.2282015729067322,0.7043669871794872,-3.6316237024248155,-107.6837031374952,37.92395177085281
0,-5.0,1.696493791088385,1.2075368546802667,0.5841379079945213,-4.523054847961694,-107.68478111583615,37.92422126543805
0,-5.0,1.6524325902112613,1.1302422453627194,0.6205663019714834,-4.601874410426433,-107.68343364290996,37.92422126543805
0,-5.0,1.6323067253299826,1.0443949419094438,0.6158188248095757,-4.643867861146973,-107.68316414832474,37.92422126543805
0,-5.0,1.6221584111031337,1.0254746657792966,0.5984875543458181,-4.851541307414433,-107.6828946537395,37.92422126543805
0,-5.0,1.6046511627906968,1.0731523394724025,0.6172573862705478,-4.605030530375819,-107.68262515915426,37.92422126543805
0,-5.0,1.6046511627906968,1.0731523394724025,0.6172573862705478,-4.605030530375819,-107.68235566456903,37.92422126543805
0,-5.0,1.5951922753470438,1.063330889852541,0.5860555574051642,-4.836553497693837,-107.68208616998379,37.92422126543805
0,-5.0,1.6201607012417805,0.894901406546432,0.5168814222802152,-5.763937736661125,-107.68181667539855,37.92422126543805
0,-5.0,1.656310679611652,0.8467217388614677,0.5239706936370153,-5.396755857971927,-107.68154718081331,37.92422126543805
0,-4.854196312302538,1.6889961778314242,1.2537909666976765,0.6171619709249965,-4.33580336161222,-107.68478111583615,37.92449076002328
0,-5.0,1.5018005041411602,0.7878560973939643,0.5014028838412181,-5.891264253931298,-107.68127768622809,37.92449076002328
0,-5.0,1.6614125492573513,0.8511729141475216,0.4934651664961928,-6.029943574153128,-107.68100819164285,37.92449076002328
0,-5.0,1.7182428651370987,1.0503651559383396,0.5589801064724014,-5.101399821590833,-107.6807386970576,37.92449076002328
0,-4.699833761424406,1.7817392827134477,1.163392226342213,0.5784117659280335,-4.4191869541301045,-107.68046920247237,37.92449076002328
0,-3.369303673598624,1.8394492811730072,1.5370495789393972,0.7291848570300559,-3.0778764397150495,-107.68019970788714,37.92449076002328
0,-4.773870352352788,1.7829284599955415,1.1487611939511362,0.5923075757805281,-4.384295315529791,-107.68478111583615,37.92476025460852
0,-3.0341200325694437,1.8136460109098622,1.667774988192888,0.772159541773951,-2.6954638572282272,-107.68019970788714,37.92476025460852
0,-5.0,1.6656476881925901,1.0003957757353856,0.5795550916563377,-4.933685466630429,-107.68478111583615,37.925029749193754
0,-3.0425300001947813,1.7354807997461117,1.7132998763095262,0.7942896354197745,-2.692232216772788,-107.6799302133019,37.925029749193754
0,-3.2685501349501727,1.8370208159049213,1.6608884648531284,0.7223188158901124,-2.8697637183142346,-107.67480981618242,37.925029749193754
0,-4.0604169182380385,1.8553059476935878,1.4628612062268311,0.6836153767093112,-3.724534008107862,-107.67454032159718,37.925029749193754
0,-5.0,1.7909070942235876,1.2593748974422494,0.6238364387026007,-4.810941509928644,-107.67427082701195,37.925029749193754
0,-4.207561315370416,1.7560465810689758,1.3398658661668617,0.6712124469285754,-3.6557116646321557,-107.6845116212509,37.925299243778994
0,-3.5332678119275585,1.6208223394898855,1.4703699131914243,0.7608266955378546,-2.9598556399456655,-107.6799302133019,37.925299243778994
0,-4.33991567130956,1.7162406171429758,1.3499412047214356,0.648715626923739,-3.802512414887225,-107.67480981618242,37.925299243778994
0,-5.0,1.4666981421400092,1.076183728786897,0.6244422614724789,-4.618583897149211,-107.67400133242671,37.925299243778994
0,-5.0,1.4666981421400092,1.076183728786897,0.6244422614724789,-4.618583897149211,-107.67373183784147,37.925299243778994
0,-4.758507481607099,1.5872284743871972,1.1825441501856446,0.6352798191537898,-4.143540198589422,-107.67346234325625,37.925299243778994
0,-3.613153489096225,1.8442180946674664,1.4664302143382997,0.6959045183894114,-3.1976174501080328,-107.67319284867101,37.925299243778994
0,-4.309072580645162,1.808700303084329,1.3318939854544323,0.6610285923641747,-3.7882691501933126,-107.67292335408577,37.925299243778994
0,-3.6414976551717224,1.6549536850583972,1.4134630940101525,0.7150449244886258,-3.099497893124261,-107.6845116212509,37.92556873836423
0,-4.621220894495176,1.5139355603874285,1.0980327806216088,0.6544578246315819,-3.980496076194269,-107.6799302133019,37.92556873836423
0,-4.887335833353509,1.66966215442412,1.2050157079495634,0.6157843345866686,-4.435122584447276,-107.67480981618242,37.92556873836423
0,-5.0,1.8121574489287502,0.996451504134971,0.5738028568847826,-4.809609594128427,-107.67265385950053,37.92556873836423
0,-5.0,1.8121574489287502,0.996451504134971,0.5738028568847826,-4.809609594128427,-107.6723843649153,37.92556873836423
0,-5.0,1.6608285618053182,0.9646145082617321,0.5281772461601196,-5.178400353129514,-107.67211487033006,37.92556873836423
0,-3.8185536059689595,1.731282744634105,1.4209945452582051,0.7255882841900042,-3.2488287125680495,-107.6845116212509,37.92583823294947
0,-3.792369163054764,1.4854002061147376,1.2948262410554987,0.7192876824165733,-3.2843610742100102,-107.67966071871666,37.92583823294947
0,-4.673686968012747,1.7051829199838617,1.0707396613422482,0.6102045872403673,-4.334766292399561,-107.67480981618242,37.92583823294947
0,-5.0,1.6934832335620766,0.8831759267893046,0.5312644825496418,-5.953068900139513,-107.67184537574482,37.92583823294947
0,-4.7093943684452615,1.6682225541448856,1.1541317819495325,0.6607048524639648,-4.023459026565111,-107.6845116212509,37.9261077275347
0,-3.619158649921929,1.559097084334832,1.4568476220761108,0.7702367531003382,-3.064088929133008,-107.67966071871666,37.9261077275347
0,-4.283356760613641,1.7843259629528498,1.2670096105952586,0.6229686708494729,-4.142547601626728,-107.67480981618242,37.9261077275347
0,-4.612489241867618,1.7187898089171978,1.2504643722097175,0.6386523381776997,-4.01326273656243,-107.67184537574482,37.9261077275347
0,-4.797517961633892,1.6616065781151161,1.2252516181010882,0.6474162664001806,-4.085634862468568,-107.6845116212509,37.92637722211993
0,-4.763425385448395,1.5796348818289794,1.1534015468574015,0.668135320717268,-4.152511474669964,-107.68424212666568,37.92637722211993
0,-4.763425385448395,1.5796348818289794,1.1534015468574015,0.668135320717268,-4.152511474669964,-107.68397263208044,37.92637722211993
0,-4.783818667614929,1.6731986610453535,1.2755116308138792,0.6824736372802245,-4.121261291497905,-107.6837031374952,37.92637722211993
0,-4.771885165395666,1.6353488372093021,1.1583082314608502,0.641208949034656,-4.244462762688904,-107.68343364290996,37.92637722211993
0,-4.726053679109502,1.5859001811892617,1.1921460468403942,0.6730904334370438,-4.221654736090784,-107.68316414832474,37.92637722211993
0,-4.726053679109502,1.5859001811892617,1.1921460468403942,0.6730904334370438,-4.221654736090784,-107.6828946537395,37.92637722211993
0,-4.255836775919309,1.6336926286509055,1.2361665979648155,0.6591723820663453,-3.8343898708150475,-107.68262515915426,37.92637722211993
0,-4.633039878329501,1.651012628676881,1.1677374446078868,0.6638124513092792,-4.104535713490911,-107.68235566456903,37.92637722211993
0,-4.608899563826942,1.6297513481466348,1.1712856334074755,0.6449007821135104,-3.953253039577022,-107.68208616998379,37.92637722211993
0,-3.1399588756656973,1.5566929816951505,1.5153642113492212,0.7647205233963874,-2.7201132728011146,-107.67939122413144,37.92637722211993
0,-4.38398716046129,1.5540993226621298,1.192008934677188,0.6513356418211185,-3.8665612379188667,-107.67454032159718,37.92637722211993
0,-4.017499050430853,1.684257120758941,1.3846411998875712,0.696544582625677,-3.4772889859985963,-107.67157588115958,37.92637722211993
0,-4.432830707830481,1.6201416778347857,1.1932066946338855,0.6327808285985025,-3.9897526261757514,-107.68181667539855,37.92664671670517
0,-4.432830707830481,1.6201416778347857,1.1932066946338855,0.6327808285985025,-3.9897526261757514,-107.68154718081331,37.92664671670517
0,-3.3836585214252346,1.6552889360272347,1.5129284456121317,0.7569726427848924,-2.780712606859964,-107.68127768622809,37.92664671670517
0,-3.300482719397223,1.6183917428230625,1.5984790788078134,0.7881573586973724,-2.7247414194558988,-107.68100819164285,37.92664671670517
0,-3.3055247771656187,1.5813504515211791,1.4705989948096523,0.7457732728102053,-2.872548307377011,-107.6807386970576,37.92664671670517
0,-3.1717871127298882,1.6274826678539545,1.6009155653488905,0.7503396139035643,-2.691720391967915,-107.68046920247237,37.92664671670517
0,-3.1717871127298882,1.6274826678539545,1.6009155653488905,0.7503396139035643,-2.691720391967915,-107.68019970788714,37.92664671670517
0,-3.2746614048565847,1.5351491607882684,1.4048503019637995,0.7169714432381985,-2.761566473933098,-107.6799302133019,37.92664671670517
0,-2.3352043344158813,1.6643005602982064,1.935537053206418,0.8508017297082833,-1.8855966546924707,-107.67966071871666,37.92664671670517
0,-3.0292425034010932,1.5113640179419527,1.562265105127846,0.81451617419085,-2.483682049516932,-107.67939122413144,37.92664671670517
0,-4.323842730849574,1.560847049893412,1.2618079145468286,0.6763626850821178,-3.7881276517609344,-107.67454032159718,37.92664671670517
0,-4.281547917670343,1.616895118882918,1.3713125986965664,0.6904376381551673,-3.727222516720247,-107.67130638657436,37.92664671670517
0,-3.873628952794685,1.7099995660902632,1.3745887887450619,0.707439151328559,-3.5062111283957402,-107.67454032159718,37.926916211290404
0,-5.0,1.6573327950491858,1.2356081308620306,0.6589556206077083,-4.707496138107327,-107.67130638657436,37.926916211290404
0,-4.928183732785053,1.902293785681136,1.3402539209326294,0.6179518285364543,-4.390795071613963,-107.67454032159718,37.927185705875644
0,-5.0,1.7953012834457254,1.0870316763327952,0.5636244753327287,-5.420883378676114,-107.67265385950053,37.927185705875644
0,-5.0,1.9049671077695687,1.2274435719416688,0.5769400821890283,-5.310860102435525,-107.6723843649153,37.927185705875644
0,-5.0,1.8491163172771008,1.0546941137627914,0.5635892095401128,-5.514881595503168,-107.67211487033006,37.927185705875644
0,-5.0,1.7698378835116597,1.1944347906109303,0.5818684268203366,-5.268427393890123,-107.67184537574482,37.927185705875644
0,-5.0,1.6762523260342408,1.0790034080500213,0.5701898140271213,-5.460527106004198,-107.67157588115958,37.927185705875644
0,-5.0,1.6762523260342408,1.0790034080500213,0.5701898140271213,-5.460527106004198,-107.67130638657436,37.927185705875644
0,-5.0,1.576640421606779,1.0286932559892308,0.55815895752599,-5.110171499062864,-107.67103689198912,37.927185705875644
0,-5.0,1.931943932128367,1.3330883118094232,0.5971918517666015,-4.7050884926228695,-107.67454032159718,37.92745520046088
0,-4.374568570239441,1.883294932301294,1.2773838339197456,0.6342068839264431,-4.217818410524226,-107.67427082701195,37.92745520046088
0,-4.374568570239441,1.883294932301294,1.2773838339197456,0.6342068839264431,-4.217818410524226,-107.67400133242671,37.92745520046088
0,-4.193282489405607,1.8083534378769606,1.2541000484416214,0.6505521374563141,-3.9439409850702987,-107.67373183784147,37.92745520046088
0,-4.979385584239953,1.6517911353976937,1.100756915939412,0.6407160963244615,-4.510343032599093,-107.67346234325625,37.92745520046088
0,-5.0,1.657088122605364,1.0108673761734657,0.5663537640346032,-5.1344555907589315,-107.67319284867101,37.92745520046088
0,-5.0,1.7430365920262123,1.060086251250769,0.5536471791187076,-5.360572820805645,-107.67292335408577,37.92745520046088
0,-5.0,1.780993728895322,1.0950012923870576,0.5358019639934531,-4.847938032039436,-107.67157588115958,37.929611157142766
0,-4.872511708740765,1.7428007889546346,1.0958643789279878,0.5588647185136772,-4.4291509247937295,-107.67130638657436,37.929611157142766
0,-5.0,1.7058887224210588,1.2678099958656102,0.623299317505317,-4.589367186136108,-107.67265385950053,37.929880651728
0,-5.0,1.68797211721754,1.0712586843455276,0.5936624164447439,-5.114790147133823,-107.6723843649153,37.929880651728
0,-5.0,1.7357142759869197,1.093171341077659,0.5968528090925508,-4.972892202140928,-107.67211487033006,37.929880651728
0,-5.0,1.7357142759869197,1.093171341077659,0.5968528090925508,-4.972892202140928,-107.67184537574482,37.929880651728
0,-5.0,1.6446724178130077,0.9874766816493595,0.5443947327565524,-4.965239907032995,-107.67103689198912,37.929880651728
0,-4.627582603268477,1.630691265287596,1.1019119620234212,0.6067680885638222,-4.234113110636978,-107.67373183784147,37.93015014631324
0,-4.508366113533086,1.6031875766244368,1.2482874494152387,0.6475066372389087,-3.9305558792213287,-107.67346234325625,37.93015014631324
0,-4.508366113533086,1.6031875766244368,1.2482874494152387,0.6475066372389087,-3.9305558792213287,-107.67319284867101,37.93015014631324
0,-4.615478510928269,1.5650903779441296,1.2111608029326748,0.6623572709257338,-4.111649445776015,-107.67292335408577,37.93015014631324
0,-5.0,1.6434426229508192,0.9738530310467026,0.5585149313962875,-5.192070678661788,-107.67103689198912,37.93015014631324
0,-3.930242010558806,1.6695799222257952,1.2712858676172734,0.6733343385383487,-3.4505501179918765,-107.67454032159718,37.93041964089847
0,-4.082155543366833,1.5829134218964742,1.2443515158828604,0.675188702215729,-3.589288714339884,-107.67427082701195,37.93041964089847
0,-4.540622803671184,1.6274679598198838,1.1829100390130431,0.6577112880191174,-3.8155210619100632,-107.67400133242671,37.93041964089847
0,-5.0,1.6517923331266657,1.0569068547133533,0.5858743621392548,-4.4810617071205,-107.67076739740388,37.93041964089847
0,-2.846608752138051,1.7348884726715486,1.578417327585555,0.7389105434397452,-2.3773084815878374,-107.67427082701195,37.93068913548371
0,-3.7514604224229378,1.8075246651614574,1.377262586477636,0.6544439191255012,-3.2470072410161412,-107.67049790281865,37.93068913548371
0,-3.5621270812348493,1.5799288870614523,1.328178411110418,0.7349213538392956,-3.024294199303053,-107.67400133242671,37.93095863006894
0,-4.314642960724043,1.6572984597949831,1.2469183586066013,0.6431537494482422,-3.664336561441038,-107.67022840823341,37.93095863006894
0,-3.289933744736378,1.7138177134900197,1.4873908655552257,0.716425799528738,-2.8515272881809013,-107.67373183784147,37.93122812465418
0,-3.814529497392665,1.6991965510484037,1.3333406668669934,0.6727448819423574,-3.5422760161971976,-107.67022840823341,37.93122812465418
0,-4.1343112519929495,1.6802371763619495,1.1711726677978154,0.6468659221755932,-3.56513569956066,-107.67346234325625,37.931497619239416
0,-3.6409125960531403,1.7582912799292576,1.4124274029043997,0.7161379572771509,-3.059838160149928,-107.66995891364817,37.931497619239416
0,-4.264006794484412,1.6394218618999292,1.1378849296448972,0.6499005018327921,-3.911648694083529,-107.67346234325625,37.931767113824655
0,-3.6309619991344526,1.7101782559091507,1.4776802319118456,0.7366236101459185,-3.156583788675731,-107.66968941906293,37.931767113824655
0,-4.400049448624586,1.6028087864602096,1.1311524335917496,0.6345957731124939,-3.930682456915827,-107.67319284867101,37.93203660840989
0,-3.7284543741248806,1.7335637616937467,1.4658199349651624,0.7343592813442159,-2.9942680071853083,-107.66968941906293,37.93203660840989
0,-3.7774879024380494,1.5954481660566566,1.3311337245675245,0.6877516965960697,-3.219734932608299,-107.67292335408577,37.93230610299512
0,-3.901035922977572,1.8361466858375395,1.5000622349597634,0.7041648493379689,-3.3453000103913575,-107.66941992447771,37.93230610299512
0,-2.9398048618025583,1.7023910693824336,1.4709405229810901,0.7287812892614199,-2.55389277029957,-107.67265385950053,37.93257559758036
0,-3.2408328181021897,1.8492224475997294,1.6202920669872902,0.7672128936543261,-2.759378120568136,-107.66915042989247,37.93257559758036
0,-4.743675377051002,1.5209222479639661,1.0888457013937076,0.6434570640240275,-4.1637322269589365,-107.6723843649153,37.93284509216559
0,-3.647287917567776,1.6107615256196222,1.4900264392465157,0.7476956328269018,-3.0954109125162237,-107.66915042989247,37.93284509216559
0,-4.732358696815381,1.642033700108152,1.121419611949038,0.6356865138334165,-4.09355922357383,-107.67211487033006,37.93311458675083
0,-2.044014844631005,1.820848446617253,1.9066594238691177,0.8134711614432446,-1.5094041752240874,-107.66888093530723,37.93311458675083
0,-3.988930464545828,1.6176258961661971,1.244689592100036,0.6804652095696491,-3.42131581897538,-107.67184537574482,37.933384081336065
0,-2.0952896893346518,1.738602879524473,1.9577446226550181,0.8563712892938118,-1.5914965178625065,-107.66861144072199,37.933384081336065
0,-3.902742801887883,1.6062576494710572,1.244005130371787,0.7339795306558896,-3.261041385508237,-107.67157588115958,37.933653575921305
0,-3.39127583928114,1.4595383390819856,1.5085646238025452,0.8213021172050007,-2.8696500884168987,-107.66834194613676,37.933653575921305
0,-4.05156738579856,1.6028204588507675,1.1785118208018786,0.7122810594091366,-3.691973411211076,-107.67130638657436,37.93392307050654
0,-3.60301588555453,1.5729237329269852,1.4573474432902178,0.7984112665292891,-2.979640484823058,-107.66834194613676,37.93392307050654
0,-4.459274149815394,1.435932014524679,1.032875128147004,0.6463644394445298,-3.7837425189972667,-107.67103689198912,37.93419256509178
0,-3.4985989146029226,1.5224477244772439,1.458555624801879,0.7650301810865192,-2.9879042305673016,-107.66807245155152,37.93419256509178
0,-4.49727721483539,1.4985723698660227,1.1161451119748862,0.6625685329789001,-3.9310249962205837,-107.67103689198912,37.93446205967701
0,-3.57003987218512,1.6795754446356885,1.5261567292753127,0.8054398750650702,-2.998707037462644,-107.66861144072199,37.93446205967701
0,-3.674782833807102,1.5704225352112682,1.330656167997737,0.7676716033908367,-3.0867143445697494,-107.66834194613676,37.93446205967701
0,-4.23411637663391,1.5226706535204197,1.1734406714057874,0.7169711112879978,-3.6099541589183763,-107.67076739740388,37.93473155426225
0,-3.252714689062464,1.5732132481115668,1.4766699323722932,0.8192010741859682,-2.7302195677567678,-107.66888093530723,37.93473155426225
0,-3.209667927230269,1.5590849989322528,1.4195256912926864,0.773530887457752,-2.731021713089009,-107.67049790281865,37.93500104884748
0,-3.2510700826536705,1.4708366323568225,1.4151526876901432,0.8264512994899204,-2.832219695823513,-107.66915042989247,37.93500104884748
0,-1.9941823288951406,1.7064543576030147,2.0036009520777487,0.9326220325420111,-1.545944790926022,-107.67022840823341,37.935270543432715
0,-3.6170048566633586,1.7340701585776064,1.452459444275616,0.7674651826322779,-2.988777976171452,-107.66968941906293,37.935270543432715
0,-3.6584593261021054,1.55431599497978,1.4904255652293437,0.820002943533221,-3.0569017567486965,-107.66941992447771,37.935270543432715
0,-1.6774690865245374,1.7698029007065839,2.1823314927451407,0.9175582801426582,-1.2546261337369538,-107.66995891364817,37.935540038017955
