label,IronSulfate,FerricIron1,FerricIron2,FerrousIron,ClaySulfateMica,lon,lat
1,-0.11410237268939627,3.306082293832855,8.146990380599897,1.2199021163096377,0.5602251694490752,-107.66699447321058,37.91829238456286
1,0.0645655979763673,3.93671736326119,10.841166200329871,1.21539422247392,0.688464095726067,-107.66672497862534,37.91829238456286
1,-0.2897644353123169,2.769964219137815,5.936844367762568,1.1293684747233859,0.31177074178371156,-107.66726396779582,37.91856187914809
1,0.1025231232528464,3.8292550631784508,10.254755573149705,1.1892651148796807,0.6877548432454169,-107.66645548404011,37.91856187914809
1,0.1025231232528464,3.8292550631784508,10.254755573149705,1.1892651148796807,0.6877548432454169,-107.66618598945487,37.91856187914809
1,9.15502971450266E-5,2.642615989697539,6.6249403256463815,1.21300255607845,0.570382381285355,-107.66726396779582,37.91883137373333
1,0.05563651740855369,4.063078464395117,11.307094230185799,1.2350632658798884,0.67575259343863,-107.66591649486963,37.91883137373333
1,0.10822458987428796,4.452167638746918,12.292297491077493,1.1806017360104133,0.7058727549271913,-107.6656470002844,37.91883137373333
1,0.16245516306728724,4.720454327614304,11.844049128170399,1.0388791593695272,0.7160591283743454,-107.66537750569917,37.91883137373333
1,-0.009151639775528686,2.0482770532861214,5.006301977670202,1.2771574724432964,0.34082589317661927,-107.66753346238106,37.919100868318566
1,0.08501711190801742,4.469939716504645,11.320943662198545,1.1089512264821795,0.5847580350425492,-107.66510801111393,37.919100868318566
1,0.08501711190801742,4.469939716504645,11.320943662198545,1.1089512264821795,0.5847580350425492,-107.66483851652869,37.919100868318566
1,0.0013901520919413768,1.9933205659299231,4.915232797572669,1.3035909818822222,0.25005957420388825,-107.66780295696628,37.919370362903805
1,0.0013901520919413768,1.9933205659299231,4.915232797572669,1.3035909818822222,0.25005957420388825,-107.66753346238106,37.919370362903805
1,0.08744368140384307,3.5572552289121675,9.103261517134506,1.151607313544984,0.5804230321292054,-107.66510801111393,37.919370362903805
1,-0.010215336998687485,2.0505516424608863,5.048544989712363,1.271047662963217,0.30139692395633166,-107.66726396779582,37.91963985748904
1,-0.013224676207242214,2.448154053202278,6.0048350258677194,1.226973952611877,0.4288543086332983,-107.66699447321058,37.91963985748904
1,0.0061618943808010584,2.6133512544802873,6.396380589644908,1.2115346678270962,0.4987995423191831,-107.66672497862534,37.91963985748904
1,0.04725025292575191,2.950185526409527,7.518568414687985,1.2017738117069037,0.5355681871733038,-107.66537750569917,37.91963985748904
1,0.03137816695338791,4.273220460236079,10.540337710522367,1.1031132700375361,0.5944785113250282,-107.66645548404011,37.91990935207428
1,0.03137816695338791,4.273220460236079,10.540337710522367,1.1031132700375361,0.5944785113250282,-107.66618598945487,37.91990935207428
1,0.07928518245827598,3.245941038663875,7.901226969504456,1.0953668657171087,0.533468808806683,-107.66537750569917,37.91990935207428
1,0.07411975368029045,3.9720032342834046,9.1081570843225,1.0204859584597734,0.5906133313471174,-107.66591649486963,37.92017884665951
1,0.052760222243850796,3.941796775019197,9.152397001878091,0.9843707271924105,0.5898328776053072,-107.6656470002844,37.92017884665951
1,-0.43870765593742633,2.7364939360529226,5.828191339408286,1.1588905267842242,0.14149665954817925,-107.67049790281865,37.921256825000455
1,-0.1217016845628267,3.032146777481574,7.463366101776438,1.2156896393221586,0.47136689829473144,-107.67022840823341,37.921256825000455
1,0.06875778627924323,3.637920301356425,8.530108329752455,1.0413318251234251,0.4435221634454032,-107.66591649486963,37.921256825000455
1,0.03447825357577283,3.7801802798208266,9.310497978781479,1.1120619738792406,0.4172412139592918,-107.6656470002844,37.921256825000455
1,-0.13016759954999868,2.8734856535600435,7.2932884571230225,1.3126419541461327,0.44390165091888134,-107.67049790281865,37.92152631958569
1,-0.023302113855153683,3.2726978867833036,8.68855434486989,1.2356508128227566,0.5572157538964457,-107.66995891364817,37.92152631958569
1,-0.07499799161940257,3.222376028010748,7.871678876537063,1.1699295177030786,0.517829155963579,-107.66968941906293,37.92152631958569
1,-0.1481850323006464,3.1784388342305556,7.116683894446754,1.1269521732067853,0.4099280821525064,-107.66941992447771,37.92152631958569
1,0.08798623225117164,3.684853866092677,8.808496504155983,1.0665686853646763,0.6149114388149999,-107.66645548404011,37.92152631958569
1,0.0340311724712401,2.909686393533253,6.472217543943911,1.053756616398466,0.5160549511833317,-107.66618598945487,37.92152631958569
1,0.04681000271783775,2.8110035659704526,7.068896983196945,1.209967464844335,0.3363332676918638,-107.66537750569917,37.92152631958569
1,0.10609299180099563,4.016967361908642,10.179436563021248,1.113763598530278,0.4968778865449677,-107.66510801111393,37.92152631958569
1,0.05954279582301991,3.4687763368947615,8.006528830165342,1.055756828083764,0.45822053650629835,-107.66483851652869,37.92152631958569
1,-0.18259436419972142,2.571915861284821,6.654841923107574,1.3214074084779812,0.38890467146657026,-107.67049790281865,37.92179581417093
1,-0.06680769084808036,2.9843424744320757,8.26159111707582,1.3307760525908305,0.5377324124597618,-107.67022840823341,37.92179581417093
1,0.0013223273993789864,3.6549391644686446,9.380305661620044,1.1798649514283532,0.5631300861942601,-107.66915042989247,37.92179581417093
1,-0.02301765024728697,3.858182718494679,9.316089394837082,1.1110622617387935,0.46871066063087286,-107.66888093530723,37.92179581417093
1,-0.07942240210444895,4.093111201962387,9.559643629136536,1.0948073041692046,0.4649213632878668,-107.66861144072199,37.92179581417093
1,0.026269642140682392,4.1429504847072245,10.40964723587646,1.1292914649100592,0.5839365398619955,-107.66834194613676,37.92179581417093
1,0.08363649030858722,3.7746801481241965,9.46441426281379,1.1455135841219495,0.6408314059648029,-107.66672497862534,37.92179581417093
1,0.059445941015480175,3.1066915041274017,7.24471088834974,1.1199890492393134,0.5592526280704488,-107.66645548404011,37.92179581417093
1,0.05222765532689322,3.208853666346462,7.606429975259168,1.1043149995775632,0.5009574020631831,-107.66483851652869,37.92179581417093
1,-0.07458698263921804,3.3474486980081277,8.75502829250822,1.27875531968883,0.521751969700762,-107.66995891364817,37.92206530875616
1,0.007794655969380004,3.93169006300431,10.693969132009197,1.243274223329244,0.5316652623625286,-107.66968941906293,37.92206530875616
1,0.0528433898914924,4.286229130606813,11.083091850636226,1.1282986012547072,0.5684927556536828,-107.66807245155152,37.92206530875616
1,0.05544623681381533,4.692079371186721,12.63987295938586,1.1409912777386897,0.6291855048011685,-107.66780295696628,37.92206530875616
1,0.0696976754728802,4.335101253616201,11.591106471800634,1.1524510448153502,0.6184788581500731,-107.66753346238106,37.92206530875616
1,0.0782811679492037,3.835530307848775,10.080946163466736,1.1788151897909662,0.5914442962781341,-107.66726396779582,37.92206530875616
1,0.06257627561076418,3.750195198126098,9.470386299626199,1.151428496984067,0.56849808378527,-107.66699447321058,37.92206530875616
1,0.05183537141916306,2.8928712373981993,6.730559578999811,1.1373395665108375,0.45884710475926016,-107.66618598945487,37.92206530875616
1,-0.01291999487469897,2.2311886901327176,5.24975882520985,1.199548813365182,0.3477161071831949,-107.66591649486963,37.92206530875616
1,-0.014518914021040885,2.3828042100433047,6.080401281829004,1.303989099118345,0.3437701959868513,-107.6656470002844,37.92206530875616
1,0.010981689583418053,2.622647868336797,6.410273777363322,1.23585159000249,0.41621830377452707,-107.66510801111393,37.92206530875616
1,0.045548661909694754,4.174029614283103,10.868502091752587,1.1594290402984844,0.489689890358447,-107.66941992447771,37.9223348033414
1,0.07177466397757715,3.806938372584968,10.03834948434427,1.178842689087505,0.6002751427811928,-107.66672497862534,37.9223348033414
1,0.039382994333807764,3.7759654727873997,9.970038127997812,1.2094762355166706,0.572173805039504,-107.66645548404011,37.9223348033414
1,0.06274064052341943,3.3738009592326135,8.3607427158172,1.1534128387113796,0.6127022853933974,-107.66618598945487,37.9223348033414
1,-0.016094386942015593,2.3445491251682364,6.046360666855711,1.301484098065538,0.41487963704260955,-107.66537750569917,37.9223348033414
1,-0.009955014611485735,2.3914975517251134,5.917713017179756,1.2463790002608492,0.43073067995824865,-107.66510801111393,37.9223348033414
1,0.06260008598921374,4.191012533934039,10.54937602188578,1.1006288906216048,0.5327069732578353,-107.66915042989247,37.92260429792663
1,0.09766841839010043,3.8912455516014224,10.088757826607548,1.176207073572722,0.5563214984062306,-107.66672497862534,37.92260429792663
1,0.051133122472882375,3.6067979915025097,9.539220811315534,1.2347819346837536,0.6462805614035296,-107.66645548404011,37.92260429792663
1,0.1070069902546199,3.5824639067803914,9.275554457718318,1.1330075071725934,0.6055959445647507,-107.66888093530723,37.92287379251187
1,0.07591302363806762,3.9269479704982184,9.832503351835387,1.1319318857642218,0.4858756250241134,-107.66726396779582,37.92287379251187
1,0.07009311842380606,3.5947444334264853,9.083564755096091,1.1807087602151594,0.5393585563757552,-107.66699447321058,37.92287379251187
1,0.08492331552180565,3.554395716955093,9.512763550536533,1.1849703108425669,0.5711229216302558,-107.66861144072199,37.923143287097105
1,0.028742849863907294,3.729199354627643,10.358382121835533,1.2794194227899534,0.5514513360991716,-107.66834194613676,37.923143287097105
1,0.06541490348813594,3.7245838287752666,9.80827123455851,1.1980318371675007,0.5177380169694048,-107.66753346238106,37.923143287097105
1,0.11143064054329244,3.638724542759687,9.335940194248757,1.1517637864934542,0.5163018795278171,-107.66834194613676,37.92341278168234
1,0.11143064054329244,3.638724542759687,9.335940194248757,1.1517637864934542,0.5163018795278171,-107.66807245155152,37.92341278168234
1,0.06298584727395351,3.0770466963588783,7.780250212652384,1.1881365985933396,0.44234090820876837,-107.66780295696628,37.92341278168234
1,0.08461160143852076,2.137346009231804,4.2422747220437715,0.9877067174008488,0.16551816975779476,-107.66968941906293,37.92368227626758
1,0.08461160143852076,2.137346009231804,4.2422747220437715,0.9877067174008488,0.16551816975779476,-107.66941992447771,37.92368227626758
1,0.17118328395854365,2.4671675034640232,5.386005826907297,1.0289487738665288,0.2643441989021479,-107.66915042989247,37.92368227626758
1,0.20919716600030558,2.7466027375759223,6.2915925394258885,1.0490195668677291,0.3465141078539695,-107.66888093530723,37.92368227626758
1,0.22375205720027302,2.9580186413609955,7.061201347359875,1.0838081020450874,0.3957583946988068,-107.66861144072199,37.92368227626758
1,0.04124851465830259,1.9958294847034452,4.289218856050661,1.0664873099737449,0.11261755929460326,-107.66753346238106,37.92368227626758
1,-0.026146471754129097,1.9374545982856308,3.7600832266548045,0.9978533499039657,0.03985558982473947,-107.66726396779582,37.92368227626758
1,0.09156867294702131,3.4919174439707943,9.27535568608012,1.1926610912091584,0.5615827043343873,-107.66537750569917,37.92368227626758
1,0.15285511886548275,2.4190892649877194,4.986438283937964,0.9604935390718433,0.31428917212855656,-107.66968941906293,37.92395177085281
1,-0.0592143335581532,1.84696441955822,3.4246403614095144,0.9701777485187624,-0.08410876036994375,-107.66699447321058,37.92395177085281
1,0.10421035232649856,3.4466503058496025,8.660534481649059,1.1373038229376258,0.4930834478822739,-107.66537750569917,37.92395177085281
1,0.11798575445739634,3.9279880300422607,10.019217714276127,1.1497037944663737,0.5859819087259741,-107.66510801111393,37.92395177085281
1,0.04317023373180262,3.57874000496645,9.04389369482941,1.1539815570340928,0.5132414444509651,-107.66483851652869,37.92395177085281
1,0.12510514092180336,2.314632375816654,4.422402886797223,0.9243509432595864,0.1517174678058828,-107.66941992447771,37.92422126543805
1,-0.03145808540736139,2.374017348875033,4.623286135271151,0.9410728755874886,0.09748863771472394,-107.66672497862534,37.92422126543805
1,0.14013371480110237,4.105032317856725,10.112203474207345,1.0950653905983332,0.5985467663862267,-107.66510801111393,37.92422126543805
1,0.12362391422269325,4.206409434423344,10.396682108851737,1.1039408423529777,0.6298881528658108,-107.66456902194346,37.92422126543805
1,0.04270747784643425,1.9874525563741912,3.528435029251531,0.9054332683198663,0.047563215176601004,-107.66941992447771,37.92449076002328
1,-0.007960719588742893,2.0932438265370337,3.9446161254164416,0.9502699134809482,-0.0527265724394308,-107.66753346238106,37.92449076002328
1,0.01931616951753301,2.07669740154812,4.097821769527837,0.9684580749840133,0.023271498804942503,-107.66726396779582,37.92449076002328
1,0.01931616951753301,2.07669740154812,4.097821769527837,0.9684580749840133,0.023271498804942503,-107.66699447321058,37.92449076002328
1,0.12362391422269325,4.206409434423344,10.396682108851737,1.1039408423529777,0.6298881528658108,-107.66483851652869,37.92449076002328
1,0.09104967532218178,4.194287245442419,10.26981286672202,1.1132861206950224,0.647873812355115,-107.66429952735822,37.92449076002328
1,0.07303363016876019,1.9155652173913038,3.435721525720423,0.9215425765921131,0.04381826616944995,-107.66941992447771,37.92476025460852
1,0.09081455486967283,2.683277754450147,5.865883255437845,1.0337889335487063,0.20162597133222004,-107.66753346238106,37.92476025460852
1,0.030324046456686404,3.8375194875707104,8.959152079915256,1.088460649692954,0.5467159762718592,-107.66456902194346,37.92476025460852
1,0.07279188247922119,4.1277850723581775,10.206584922257111,1.1216416751623175,0.6545419627023865,-107.66403003277298,37.92476025460852
1,0.09843584098180358,2.083292984710631,3.768181179997732,0.9672799415413142,-0.037765784188862894,-107.66995891364817,37.925029749193754
1,0.09843584098180358,2.083292984710631,3.768181179997732,0.9672799415413142,-0.037765784188862894,-107.66968941906293,37.925029749193754
1,0.10088649833674479,3.0733989777510535,7.79442729717768,1.1740016474288342,0.44047925454503845,-107.66753346238106,37.925029749193754
1,0.013058876976512979,3.7388184499438273,8.717132458529932,1.1251034334237073,0.5970067150341956,-107.66429952735822,37.925029749193754
1,0.04298836175707732,3.980855028569664,9.523641713303846,1.1159380493508921,0.6162926775079165,-107.66376053818774,37.925029749193754
1,0.059772224299771914,2.4842560824878763,4.783838596990071,0.9782185063188527,0.0732147818669664,-107.66968941906293,37.925299243778994
1,0.027725504282798408,2.3134849391581875,5.077637096355223,1.1049553178796134,0.16318480222944753,-107.66780295696628,37.925299243778994
1,-0.01566958336530777,3.5015650893021553,8.397402116068664,1.1608006935140673,0.6013411143065801,-107.66403003277298,37.925299243778994
1,0.03867698950754961,3.732187441088529,9.700338704734978,1.1785117131656335,0.6947470488315411,-107.66349104360252,37.925299243778994
1,-0.008183206475297577,2.7215349037852374,5.243488883719863,0.9960074030055384,0.08043515146575342,-107.66968941906293,37.92556873836423
1,0.07387758084719742,2.3540172166427555,5.174592001748484,1.0555084841501163,0.17919430738747488,-107.66807245155152,37.92556873836423
1,0.113047149000715,2.483576223169393,5.350725222046554,1.0169060213162875,0.2429554405767702,-107.66780295696628,37.92556873836423
1,-0.02662375977194209,3.39079819459243,8.368461555276209,1.1901245966674088,0.6302437977218811,-107.66376053818774,37.92556873836423
1,0.05019606334750848,3.591397155975109,9.344005568888804,1.1926616765186697,0.6778483419972926,-107.66322154901728,37.92556873836423
1,0.025449674670068756,2.4807132731478023,5.024228486472131,1.0043796553818614,0.2096774717842953,-107.66941992447771,37.92583823294947
1,0.02393731011760325,2.2279952899617315,4.6316370225540195,1.0382301137231345,0.188206091795035,-107.66915042989247,37.92583823294947
1,0.07008617332519673,2.079955886407499,4.874401466073395,1.2118332912917962,0.2516781698509629,-107.66888093530723,37.92583823294947
1,0.07008617332519673,2.079955886407499,4.874401466073395,1.2118332912917962,0.2516781698509629,-107.66861144072199,37.92583823294947
1,0.0858759787210509,2.385198468735728,5.737471179723816,1.219441886955528,0.27268572870739516,-107.66834194613676,37.92583823294947
1,-0.24782574053076156,3.0970692794589447,6.6708153028095385,1.0950385851916873,0.32420911485534853,-107.66349104360252,37.92583823294947
1,-0.052336207460678796,3.4399737876802106,8.387977491289961,1.1827886904918343,0.5924081137521797,-107.66295205443204,37.92583823294947
1,-0.1573964199566653,3.1742352356423127,7.324539132338589,1.1737841368206812,0.39792141442396645,-107.66322154901728,37.9261077275347
1,-0.0741368357975134,3.3633876163996663,7.923153590215627,1.1533915518171283,0.5288390044199225,-107.6626825598468,37.9261077275347
1,-0.3660896999505341,2.6637108594904744,5.384917118224859,1.0986842695791958,0.16552197804393987,-107.66295205443204,37.92637722211993
0,-3.687005700777192,1.4227937310957341,1.2840963141796848,0.7656100452530881,-3.3227583657566204,-107.67427082701195,37.74662433376762
0,-3.560376558109702,1.4546057870984863,1.3907182226334125,0.8089643463497456,-3.1679706217408183,-107.67400133242671,37.74662433376762
0,-3.5695345273378907,1.4946158911310063,1.3998022996290846,0.7888803826768889,-3.2025204494424404,-107.67454032159718,37.74689382835285
0,-3.5987342058516574,1.5340473955632024,1.3535295797934634,0.783127706633129,-3.1438990414606276,-107.67373183784147,37.74689382835285
0,-1.8724033602297054,1.551841323543771,2.146229886240879,1.0163464613602589,-1.5730496078173082,-107.67346234325625,37.74689382835285
0,-3.0059936178382625,1.520071959163856,1.673741714679423,0.8946945988854608,-2.6055233194466485,-107.67319284867101,37.74689382835285
0,-3.512883401546092,1.6045994934192325,1.584115632851414,0.8218715199959088,-3.15967660101381,-107.67454032159718,37.74716332293809
0,-2.921528014286982,1.5347529608804886,1.695136558902415,0.8852387072505566,-2.6039688708320563,-107.67292335408577,37.74716332293809
0,-3.268128907626557,1.5252032520325198,1.5067109673523629,0.7971257932064204,-2.936130810011176,-107.67265385950053,37.74716332293809
0,-3.1076777514753635,1.4957246455244075,1.4890170937198195,0.857341786667977,-2.7085787669487917,-107.6723843649153,37.74716332293809
0,-3.9377307028347324,1.5002052076279673,1.4406524592121623,0.7970193220462429,-3.482909422253054,-107.67480981618242,37.747432817523325
0,-3.3297333813174097,1.4633210332103317,1.3768308726109078,0.8189048829556621,-3.1232838100678877,-107.67211487033006,37.747432817523325
0,-3.3297333813174097,1.4633210332103317,1.3768308726109078,0.8189048829556621,-3.1232838100678877,-107.67184537574482,37.747432817523325
0,-3.7120358072461563,1.4581144191476942,1.2645097943800536,0.7491888571044599,-3.2836882109382977,-107.67157588115958,37.747432817523325
0,-3.4005900452036437,1.5151209470656468,1.4659696119205754,0.823951183818235,-3.036633907976017,-107.67480981618242,37.747702312108565
0,-3.853361955877374,1.481845238095239,1.2903737984184414,0.768502374370969,-3.4202361127585963,-107.67130638657436,37.747702312108565
0,-3.391886045867704,1.5552842380807808,1.4395992165380675,0.8269147243363146,-2.9173846724539327,-107.67103689198912,37.747702312108565
0,-2.886041090481074,1.5083950288482408,1.5762015243874286,0.8870259794991355,-2.397881338915936,-107.67076739740388,37.747702312108565
0,-4.657019608128519,1.485058773544823,1.320485421525117,0.7179361742786164,-4.2568850537847,-107.67507931076766,37.7479718066938
0,-2.3379468550921283,1.5764076156729128,1.831552483558646,0.9239374745815734,-2.0030951969891717,-107.67049790281865,37.7479718066938
0,-2.7981031417102518,1.6359575324276727,1.8983861064393917,0.878117350073469,-2.498115622123345,-107.67022840823341,37.7479718066938
0,-4.490834223756083,1.4849313953976657,1.2882695979562393,0.7257338679703396,-4.009426768150089,-107.67507931076766,37.74824130127904
0,-3.296903076907137,1.5668913089235121,1.5335042882613072,0.8350379344196461,-2.7750370484356828,-107.67022840823341,37.74824130127904
0,-3.8737996808786117,1.644521576845177,1.4542196484441292,0.722525511462934,-3.3962854271868514,-107.6753488053529,37.74851079586427
0,-3.2138582669052598,1.6432013132771683,1.677837737844097,0.8502352829739259,-2.696049863873328,-107.66995891364817,37.74851079586427
0,-3.8424799930366054,1.557785466293969,1.3873061498530515,0.7780829157936252,-3.3311858536686705,-107.6753488053529,37.7487802904495
0,-3.4652423536350554,1.73765023914812,1.7373151404557996,0.8398719451948842,-2.929727535020578,-107.66995891364817,37.7487802904495
0,-3.929520912349009,1.4609906890184736,1.2979757323856607,0.7278126228964679,-3.4083711558423335,-107.67561829993812,37.74904978503474
0,-3.250232012925203,1.6104395917177663,1.6520311645762427,0.859193125426778,-2.735636033999019,-107.66995891364817,37.74904978503474
0,-5.0,1.3996515127514662,1.047073976483153,0.6554551126717646,-4.5133914367258825,-107.67561829993812,37.749319279619975
0,-3.1588791546082184,1.5896486571539263,1.7374729787663354,0.8598867622527817,-2.769518379322384,-107.66968941906293,37.749319279619975
0,-5.0,1.6877879182963926,1.3493095359986653,0.6377327641020982,-4.779609510186349,-107.67588779452336,37.749588774205215
0,-4.0534415306442675,1.517778926173143,1.3160819016720908,0.780847887970335,-3.666697351987888,-107.66968941906293,37.749588774205215
0,-5.0,1.7323725698810326,1.3780503341415007,0.7009880832306027,-4.638834693349254,-107.67588779452336,37.74985826879045
0,-3.552257320556424,1.6183557921567904,1.4160546886093157,0.7483806789002145,-3.3384627973640297,-107.66968941906293,37.74985826879045
0,-3.9049124350594964,1.5619408790353946,1.3930988216805904,0.7424145474025686,-3.443214125804187,-107.67561829993812,37.75012776337569
0,-3.0806589514316185,1.634963136273679,1.6002867257717175,0.8377548672068252,-2.8074597252179414,-107.66941992447771,37.75012776337569
0,-3.9562116195121684,1.54947013964544,1.4262456966624257,0.745981996969787,-3.3179073473592418,-107.67561829993812,37.75039725796092
0,-3.4708450322097266,1.5570169015601651,1.4449566295487077,0.8078120541918674,-3.159670861334006,-107.66941992447771,37.75039725796092
0,-4.124588364876605,1.4864600984705478,1.3366853911898096,0.7549231674031782,-3.6658901862561475,-107.67561829993812,37.75066675254616
0,-3.874810647681458,1.5127413217682841,1.362072206156573,0.7525389424226605,-3.398623192735917,-107.66941992447771,37.75066675254616
0,-3.6695922608249427,1.5632436284380296,1.4478034484309092,0.7577702828681325,-3.350099556659157,-107.67561829993812,37.75093624713139
0,-3.8945802035988115,1.5632016716268,1.2501201907813253,0.7539337446450415,-3.2763812447646297,-107.66915042989247,37.75093624713139
0,-3.6396439821868065,1.606471275691871,1.4720004337598682,0.7727364178452458,-3.2026913214088353,-107.6753488053529,37.75120574171663
0,-4.062008506358776,1.4802462271901327,1.1576125375237156,0.7323572208012521,-3.5441504556666947,-107.66915042989247,37.75120574171663
0,-2.6132511950503963,1.6919258769027132,1.8499143301532717,0.9086428696873902,-2.2304953561657874,-107.6753488053529,37.751475236301864
0,-3.4748642121059805,1.5716968856783051,1.5167055093493054,0.8336717621716474,-3.0724732183690993,-107.66915042989247,37.751475236301864
0,-2.2996919945404275,1.7045912072212472,2.0438226907199573,0.9459771229158588,-2.0150542634648323,-107.6753488053529,37.7517447308871
0,-2.162906122091608,1.7040006141414317,2.1382218914716957,1.012805436904677,-1.9055221758748426,-107.66888093530723,37.7517447308871
0,-2.5071699121459954,1.7830889736894966,1.9722631964359654,0.9030964710282995,-2.0226848715366446,-107.6753488053529,37.75201422547234
0,-2.7080400912744955,1.6014223448875131,1.822549373323263,0.9249990398489347,-2.258930585187587,-107.66888093530723,37.75201422547234
0,-1.918006860989636,1.7511273690823117,2.2150573288151008,0.9272758955092288,-1.6034915896268593,-107.67507931076766,37.75228372005757
0,-3.0148760229146854,1.593755637247333,1.677008163879469,0.887783233393227,-2.5242183843379524,-107.66888093530723,37.75228372005757
0,-2.1656037721612207,1.737634678025558,1.9969478309556952,0.9174525403104068,-1.811993390023495,-107.67507931076766,37.75255321464281
0,-3.3985191068170324,1.527592267135325,1.5276501135845166,0.8294994798289212,-2.7165512176375675,-107.66861144072199,37.75255321464281
0,-3.67684289491326,1.4952367609974797,1.3903840821685653,0.7793927648578812,-3.197001827046196,-107.67507931076766,37.75282270922804
0,-3.039409546298277,1.5737168640721955,1.6084432743454455,0.8969651337889494,-2.487823732651753,-107.66861144072199,37.75282270922804
0,-3.738910397459072,1.443057481892434,1.2273138682455635,0.7577710683165687,-3.2431829094788798,-107.67480981618242,37.75309220381328
0,-2.9383622486506304,1.5725336189456154,1.7146285265601782,0.8979979094636968,-2.469843842649303,-107.66861144072199,37.75309220381328
0,-4.004412690875876,1.5130317555422406,1.2052095350566863,0.7394813749594099,-3.529933304158492,-107.67480981618242,37.753361698398514
0,-2.462406659082791,1.5748921785755916,1.721223274026387,0.910819800979663,-2.044753175763728,-107.66834194613676,37.753361698398514
0,-1.715384969965094,1.4957035445757252,2.10311945228404,1.057508245271589,-1.4566257147952364,-107.65459772228974,37.753361698398514
0,-1.837674433372227,1.4425299432653924,2.017195324747697,1.0481380227574997,-1.6301750533836825,-107.6543282277045,37.753361698398514
0,-1.6146572211286194,1.4645476772616146,2.085557813722352,1.0214015235888982,-1.313948187593089,-107.65405873311926,37.753361698398514
0,-1.6134068095600116,1.471937530502684,2.0375344936821236,1.0151228442639344,-1.3371211116972843,-107.65378923853402,37.753361698398514
0,-1.7657111264521912,1.4843658912758437,1.9679954152112495,0.9781766809440715,-1.5697544865657416,-107.65351974394879,37.753361698398514
0,-1.910580803795185,1.5268954767388434,1.9504937072747541,0.9781766809440715,-1.603821078677967,-107.65325024936355,37.753361698398514
0,-1.7435941219184428,1.510577316003173,1.9799439239599455,0.9976697615216057,-1.5023097648526293,-107.65298075477831,37.753361698398514
0,-2.5967264282187745,1.4228293600656503,1.6058572439383978,0.9003266867013795,-2.2427293472260037,-107.65271126019309,37.753361698398514
0,-3.4433200256189465,1.3397583087757148,1.341380197910028,0.7492311840556205,-3.0802333593330924,-107.65244176560785,37.753361698398514
0,-3.6099596598596606,1.3017987581294301,1.1087310200919713,0.7347444588692356,-3.268689276492669,-107.65217227102261,37.753361698398514
0,-3.725808225814088,1.3557453844034184,1.0741061271176455,0.727899478971761,-3.4083553920107086,-107.65190277643737,37.753361698398514
0,-3.9333075865743035,1.3616522091505225,1.085255710624514,0.7330448958410017,-3.5848385807708567,-107.65163328185214,37.753361698398514
0,-3.0551067735139372,1.4173970308136263,1.3077320879406256,0.7824789936649972,-2.7738748304335377,-107.6513637872669,37.753361698398514
0,-1.9333605583508666,1.4820286158771316,1.73636274789511,0.9547267227192352,-1.7856685657406048,-107.65109429268166,37.753361698398514
0,-1.6821430486891467,1.5139671300535569,2.0507142098686812,0.9994540126412921,-1.5598094401707743,-107.65082479809642,37.753361698398514
0,-2.818576503826005,1.4628215864514325,1.4935874258381245,0.8064416675567248,-2.5518025412059564,-107.6505553035112,37.753361698398514
0,-3.178570923105726,1.4825342138003634,1.3877837037312672,0.8239579847076689,-2.828425835720725,-107.65028580892596,37.753361698398514
0,-3.3209308750665874,1.5357531760435585,1.3767739581215306,0.767138216941619,-3.1978344195563393,-107.65001631434072,37.753361698398514
0,-3.5207707519629254,1.5192866976811819,1.3098081186090271,0.7533398763020942,-3.313832936199347,-107.64974681975549,37.753361698398514
0,-3.5207707519629254,1.500595230637233,1.2663191175403639,0.7496359317346813,-3.287194535187817,-107.64947732517025,37.753361698398514
0,-3.3767212503624817,1.449012859989131,1.281060270568657,0.763098143838338,-3.1186131009656286,-107.64920783058501,37.753361698398514
0,-3.2446200063573922,1.4644632600037992,1.417128546699849,0.7999486831347667,-2.8193538264621942,-107.64893833599977,37.753361698398514
0,-3.3561869209506323,1.4933932019245153,1.3701177194211804,0.793208140194523,-2.9254854514477135,-107.64866884141455,37.753361698398514
0,-3.47586340715108,1.4933932019245153,1.3321659057142232,0.7732512011485585,-2.9254854514477135,-107.64839934682931,37.753361698398514
0,-3.5272851191545342,1.4688064980421758,1.3428786980822216,0.7636821079462661,-3.00102701778933,-107.64812985224407,37.753361698398514
0,-3.4221840718886147,1.434511117879988,1.350299137005984,0.7813353344589666,-2.883185295681613,-107.64786035765883,37.753361698398514
0,-3.1785913738672074,1.4410286297078758,1.3697660787051493,0.7883797019010756,-2.8828463056941787,-107.6475908630736,37.753361698398514
0,-3.1727242806876896,1.4537155040974974,1.4816613737385427,0.817483952560951,-2.854043156447569,-107.64732136848836,37.753361698398514
0,-3.1926401373757396,1.4342581920791688,1.4558217465453724,0.8163151964215916,-2.8443652856937627,-107.64705187390312,37.753361698398514
0,-2.665867487673057,1.4844795480211574,1.6526232529442078,0.8430750144777128,-2.4432829147980573,-107.6467823793179,37.753361698398514
0,-2.6639564280284973,1.4351640427833194,1.5885734279187078,0.8556730131398813,-2.3798687500565725,-107.64651288473266,37.753361698398514
0,-3.0317402661757775,1.5022454476577258,1.558508665718361,0.8407088010525796,-2.573876152299267,-107.64624339014742,37.753361698398514
0,-3.053644330306941,1.4623773173391494,1.4912883705516227,0.8241044942745048,-2.5891665703359568,-107.64597389556218,37.753361698398514
0,-3.0878153359141365,1.4623773173391494,1.5119451623763949,0.8241044942745048,-2.6762964265784515,-107.64570440097695,37.753361698398514
0,-3.1331401342753646,1.5399171901697053,1.581763904838744,0.8235601703561906,-2.685094856600302,-107.64543490639171,37.753361698398514
0,-3.3710907960032026,1.5729862550871532,1.609452417061273,0.8156436161104553,-2.8590611289808883,-107.64516541180647,37.753361698398514
0,-3.3427615234440107,1.517203523110723,1.4816416036683198,0.7947578109844108,-2.9228884027390336,-107.64489591722123,37.753361698398514
0,-3.7171994167493825,1.443073854390846,1.2038065659824846,0.7419842007434945,-3.374229735662779,-107.67480981618242,37.753631192983754
0,-2.7691653858366694,1.449678480634066,1.4557183638968214,0.8605749226622285,-2.414940296977509,-107.66834194613676,37.753631192983754
0,-2.1862032125548696,1.4895980253878705,1.8073252815038234,0.9519909781703944,-1.92253374607486,-107.65459772228974,37.753631192983754
0,-2.9952453748928245,1.5744015309469175,1.6463004050278895,0.8463008733665547,-2.6920310622294936,-107.64489591722123,37.753631192983754
0,-4.089338213234624,1.4270738377392904,1.1874835146170921,0.7245198395142715,-3.756785882587817,-107.67480981618242,37.753900687568986
0,-2.6990577049271174,1.4259157003497147,1.5119946359218812,0.875735944602056,-2.3672768356907445,-107.66834194613676,37.753900687568986
0,-3.0120703343194632,1.436345966958212,1.5219401465753821,0.8448754877326307,-2.604679696987138,-107.65459772228974,37.753900687568986
0,-3.7476462668674073,1.5121631215856803,1.3493999189692565,0.749278025553738,-3.3045073269021152,-107.64489591722123,37.753900687568986
0,-4.358782925068995,1.543515491203489,1.1821518028828777,0.7142833213286653,-3.787052451952719,-107.67454032159718,37.754170182154226
0,-1.998619144294192,1.3484347962875585,1.8834435269381606,1.0614037533811105,-1.6979899009762316,-107.66807245155152,37.754170182154226
0,-2.7021418221949527,1.4804207456779832,1.501772311387869,0.8457846384600963,-2.3916790678352413,-107.65459772228974,37.754170182154226
0,-3.892532749967093,1.4532478278858079,1.2110264843819203,0.7163790947736932,-3.501839396764946,-107.64489591722123,37.754170182154226
0,-5.0,1.408098159509203,1.0866290702978267,0.6690067391127452,-5.8242313617121475,-107.68801505085898,37.75443967673946
0,-5.0,1.6746099290780148,1.060988681458042,0.6183054526880348,-7.445986013208222,-107.68774555627374,37.75443967673946
0,-4.358311356824546,1.5627791904945665,1.3885903528092176,0.7486417257376581,-3.899295367366614,-107.6874760616885,37.75443967673946
0,-4.358311356824546,1.5627791904945665,1.3885903528092176,0.7486417257376581,-3.899295367366614,-107.68720656710327,37.75443967673946
0,-2.334911060310712,1.7638013612301493,2.0965434703696304,0.8945169779503819,-1.923777760909107,-107.68693707251803,37.75443967673946
0,-2.545261427832493,1.740403640680649,1.9110669861154723,0.836258304286044,-2.14108745932893,-107.6866675779328,37.75443967673946
0,-4.030314391566236,1.4943276609943275,1.135669654235626,0.7085537212160068,-3.6643259858044503,-107.67454032159718,37.75443967673946
0,-2.1275377797860506,1.4292069510419603,1.8952605515163012,1.013949509871618,-1.76981867623049,-107.66834194613676,37.75443967673946
0,-1.9973365377696601,1.4410680239146645,1.9568835147969237,1.0376622202400512,-1.6815366684312405,-107.66807245155152,37.75443967673946
0,-2.118107428013303,1.5789569219648887,1.7747855668629686,0.8910522699609889,-1.8785897566649812,-107.65459772228974,37.75443967673946
0,-3.7877951862556962,1.483203295064922,1.3366261246060664,0.7470100857833455,-3.2668752743945904,-107.64489591722123,37.75443967673946
0,-5.0,1.3550688976377963,0.9420368634725896,0.6394995374245561,-5.0422248538869745,-107.68801505085898,37.75470917132469
0,-4.374678747360455,1.394225032812314,1.1097007210373913,0.7367104440275174,-3.896680220334858,-107.68639808334756,37.75470917132469
0,-5.0,1.3895074372096081,1.0248731480309234,0.6725447183822635,-4.395776692696888,-107.68612858876233,37.75470917132469
0,-5.0,1.3895074372096081,1.0248731480309234,0.6725447183822635,-4.395776692696888,-107.68585909417709,37.75470917132469
0,-5.0,1.6219076766131098,1.0953972635145912,0.6287786672070794,-5.749709774413297,-107.68558959959185,37.75470917132469
0,-5.0,1.713764913831198,1.1813887113871986,0.668396007973315,-5.959615491911785,-107.68532010500662,37.75470917132469
0,-5.0,1.7268297739995848,1.3435581096386862,0.694147744957374,-5.118891774124306,-107.68505061042138,37.75470917132469
0,-5.0,1.782914059507086,1.3228735138307428,0.683052102535016,-5.054691899618157,-107.68478111583615,37.75470917132469
0,-5.0,1.782914059507086,1.3228735138307428,0.683052102535016,-5.054691899618157,-107.6845116212509,37.75470917132469
0,-4.9783910608706865,1.4047654026880183,1.0827104286347695,0.6764337605192248,-4.567515183411552,-107.68424212666568,37.75470917132469
0,-4.706114139145853,1.4892061679040551,1.1188516132111854,0.6977500105534215,-4.19251770580244,-107.68397263208044,37.75470917132469
0,-3.2736716720240224,1.674199495660425,1.580538386702678,0.8015611198577126,-2.8555432433653323,-107.6837031374952,37.75470917132469
0,-3.8030621911554703,1.5237230006209468,1.2015593468205157,0.7265421759547073,-3.4274276345154684,-107.67454032159718,37.75470917132469
0,-2.655359137014303,1.3659717552118364,1.4802088109863072,0.9015388927106425,-2.394200071052876,-107.66915042989247,37.75470917132469
0,-2.6163752193361476,1.4200260078023406,1.5378540105802614,0.8931729177601032,-2.246322931367783,-107.66888093530723,37.75470917132469
0,-2.216004516420461,1.4255787158269615,1.670981392328054,0.9199241299686626,-1.8246448871735952,-107.66861144072199,37.75470917132469
0,-1.521359095756023,1.4534193179221766,2.00348553585541,0.9810106499664916,-1.3337797096579362,-107.65459772228974,37.75470917132469
0,-3.613756792533689,1.4403753861097262,1.2998804778684003,0.7446471679141764,-3.246148994831015,-107.64489591722123,37.75470917132469
0,-4.2167689537956905,1.5684260580123628,1.312051502885119,0.7241569696918997,-3.817736467554343,-107.68801505085898,37.75497866590993
0,-3.5252947811555053,1.5459168721173235,1.3898646306697788,0.7853843669102789,-3.1504825206703293,-107.68343364290996,37.75497866590993
0,-2.6024391750923455,1.7261758289004487,1.8722698097621135,0.8362566962356284,-2.2887843326964585,-107.68316414832474,37.75497866590993
0,-1.455749666272378,1.9132512966541249,2.4038553445401893,0.8616961623676798,-1.1635886301100533,-107.6828946537395,37.75497866590993
0,-1.456567592596083,1.8980581327326005,2.3203196408778237,0.844289756391579,-1.2293987847133199,-107.68262515915426,37.75497866590993
0,-2.1079492838241833,1.8017778027151796,2.069749908007669,0.8429218826717162,-1.8068107646906348,-107.68235566456903,37.75497866590993
0,-2.69677799068681,1.8543509837580874,1.8358193359557688,0.7914648349121336,-2.1292003501996613,-107.68208616998379,37.75497866590993
0,-4.2997576156462625,1.5341236453427232,1.1541050484550337,0.6933253932867267,-3.8145514843561443,-107.67454032159718,37.75497866590993
0,-3.1262169796733463,1.3427219442682565,1.3219781970241855,0.8171164882070907,-2.6330587770065463,-107.66968941906293,37.75497866590993
0,-2.985701804113301,1.3809789429647186,1.389503853418574,0.8240964946027292,-2.572880892339657,-107.66941992447771,37.75497866590993
0,-1.0254457012821114,1.5441474987427148,2.4918493973910305,1.0930531345895385,-0.885640094986552,-107.65459772228974,37.75497866590993
0,-3.8468152295435267,1.4255844003289095,1.3173991009950479,0.726586030501506,-3.573660252608824,-107.64489591722123,37.75497866590993
0,-3.8896519526396487,1.5899693351432596,1.4961543901380736,0.7921104073995495,-3.3631435453565506,-107.68801505085898,37.755248160495164
0,-3.7167732639471316,1.7218226438921929,1.467632590938229,0.7385645773852806,-3.1806744414254506,-107.68208616998379,37.755248160495164
0,-4.651903865667679,1.4266299607038424,1.0173349191832803,0.6429972105791102,-4.151776207631894,-107.67427082701195,37.755248160495164
0,-2.5338609185048395,1.5272982031872937,1.6959298353387315,0.9138701438127368,-2.076249167203395,-107.67049790281865,37.755248160495164
0,-2.0168042565380184,1.5451354221159832,2.004219989234623,0.9997232714411242,-1.689786478010729,-107.67022840823341,37.755248160495164
0,-2.3779167520362803,1.4766617229521164,1.7733712660329095,0.966880422970088,-1.9861989119610952,-107.66995891364817,37.755248160495164
0,-2.7141910468117123,1.482415275632341,1.548366555533069,0.8466833150178374,-2.3508248423389793,-107.65459772228974,37.755248160495164
0,-3.880317161540109,1.5053139233723325,1.31088093830943,0.7363505650590593,-3.5164154229642843,-107.64489591722123,37.755248160495164
0,-3.8629510122782946,1.6242108690361046,1.44115144721109,0.7713204865249947,-3.555746900317974,-107.68801505085898,37.7555176550804
0,-4.754956087394033,1.600669818754925,1.1353816112611517,0.6563533093320515,-4.138203780365842,-107.68208616998379,37.7555176550804
0,-4.7296420352334145,1.400436767917411,0.9665488292098319,0.6684619106725854,-4.115994218068053,-107.67427082701195,37.7555176550804
0,-2.974947157177938,1.5380658436214,1.6256303257971698,0.8589129987961359,-2.486047091732666,-107.67130638657436,37.7555176550804
0,-3.0519283109740662,1.4647231096911602,1.4793480126918874,0.8624828694296112,-2.6272016956525333,-107.67103689198912,37.7555176550804
0,-2.5337931910193214,1.5005114217524727,1.67992658393511,0.9122684376092276,-2.1151036492967936,-107.67076739740388,37.7555176550804
0,-2.3360776235865397,1.5132609325638886,1.8085942911232198,0.9155860645021576,-2.0547489006329434,-107.65459772228974,37.7555176550804
0,-3.5943936505319805,1.525121142565673,1.4596347675922046,0.7580359653911692,-3.14560735136813,-107.64489591722123,37.7555176550804
0,-3.6824623055778116,1.602238430583502,1.3441457700216841,0.7497585638811566,-3.7444899015761344,-107.68801505085898,37.755787149665636
0,-5.0,1.4902920284135766,1.1280530668386544,0.6617953136539624,-4.4757911386568905,-107.68208616998379,37.755787149665636
0,-5.0,1.4772296015180257,1.0775325525218464,0.6645310065440948,-5.37373424640403,-107.67427082701195,37.755787149665636
0,-3.4305128681361325,1.5244536366870267,1.4116794071246632,0.7964124076178238,-2.8737632216443387,-107.67211487033006,37.755787149665636
0,-3.53599162476345,1.4819991529013132,1.4005251166877635,0.7957960037110376,-2.957370700512495,-107.67184537574482,37.755787149665636
0,-2.5274076798136758,1.5284178187404,1.8321188100806671,0.9653153336315211,-2.1147366508457317,-107.67157588115958,37.755787149665636
0,-1.7616323512881915,1.4675224399189266,1.9698551399704425,0.9738761746197477,-1.4773698372462287,-107.65459772228974,37.755787149665636
0,-3.7050643660271394,1.5229656040268464,1.3612475651340366,0.7610496364211189,-3.1747445091508077,-107.64489591722123,37.755787149665636
0,-4.772967332959483,1.4089477827341903,1.0823951777259155,0.686996463854763,-4.273908533731335,-107.68774555627374,37.756056644250876
0,-4.722928893099059,1.3959107806691449,1.0537776683779,0.6574577828022327,-4.172470688925975,-107.68208616998379,37.756056644250876
0,-4.965816053121285,1.83842599493218,1.2901733859078433,0.659308125216711,-4.3222271218373285,-107.67427082701195,37.756056644250876
0,-3.84473532401966,1.4776778405438036,1.403111030566456,0.8015711375431982,-3.2737166677073324,-107.67265385950053,37.756056644250876
0,-4.495883236845414,1.6178321063643626,1.2910607553429656,0.6881535840018547,-4.057604183428309,-107.6723843649153,37.756056644250876
0,-1.9060974106241468,1.547679657732872,1.9824613046562587,0.9504561557546933,-1.664149373364027,-107.65459772228974,37.756056644250876
0,-3.6901293314434938,1.473438378359163,1.3097730401579821,0.7555344141132678,-3.2790779969184585,-107.64489591722123,37.756056644250876
0,-4.150338267819656,1.4969807430095292,1.2156361088255008,0.7441329344191078,-3.559131364989522,-107.68774555627374,37.75632613883611
0,-4.722928893099059,1.3959107806691449,1.0537776683779,0.6574577828022327,-4.172470688925975,-107.68208616998379,37.75632613883611
0,-3.592957718914784,1.4767861916899394,1.2979665120608077,0.7570983687986662,-3.205894597300146,-107.67400133242671,37.75632613883611
0,-2.801926963253922,1.5383261516052682,1.6589197583057178,0.9002526233968131,-2.581573927062106,-107.67346234325625,37.75632613883611
0,-2.7956497670704823,1.5019924067641917,1.651448580630003,0.9039481281947892,-2.5111302481946787,-107.67319284867101,37.75632613883611
0,-2.589553322598449,1.5320183033613297,1.7411605715886864,0.9078865023224822,-2.190389155248941,-107.67292335408577,37.75632613883611
0,-1.9237880463725432,1.5317641321862048,1.8971685838861323,0.9416890703521803,-1.6512217534743523,-107.65459772228974,37.75632613883611
0,-3.9691380268903784,1.48451380552221,1.315841427406335,0.7742625322347315,-3.4403881625026127,-107.64489591722123,37.75632613883611
0,-3.9476694697697354,1.5112683877559314,1.4072004531290436,0.7672988943318624,-3.41522752536972,-107.68774555627374,37.75659563342135
0,-3.786190129281434,1.4882777276825967,1.3340678358902,0.7750053668444608,-3.2243530017308606,-107.68181667539855,37.75659563342135
0,-3.438497442311881,1.4940378317773613,1.253227567366256,0.7326555278150165,-3.198745325687396,-107.67400133242671,37.75659563342135
0,-3.192990067022712,1.492324275999778,1.367138182158243,0.8178313802062931,-2.899025279975654,-107.67373183784147,37.75659563342135
0,-2.4780159893018756,1.5354455865211405,1.7457112370823276,0.8836244637072062,-2.131382006807488,-107.65459772228974,37.75659563342135
0,-4.222116681929246,1.4773774970121227,1.2579692210400628,0.7536505900028698,-3.728308989243682,-107.64489591722123,37.75659563342135
0,-4.04521396180222,1.5093522687911332,1.2930560336185235,0.7508614324390845,-3.314304186762789,-107.68774555627374,37.75686512800658
0,-2.99437172693984,1.4467519922723995,1.4912435459877138,0.8407194994786237,-2.492686136622642,-107.68181667539855,37.75686512800658
0,-2.6368013807125648,1.5185220007521638,1.5466786347479655,0.838392437106566,-2.470243354576221,-107.65459772228974,37.75686512800658
0,-3.5441435210026655,1.53255922020845,1.481917349111188,0.8070577004883277,-3.0613863835335833,-107.64489591722123,37.75686512800658
0,-3.388298752913461,1.7155448717948716,1.699572393735154,0.8125941844186648,-2.910176657141081,-107.68774555627374,37.75713462259182
0,-3.2092826477417082,1.494225990352287,1.379874284085717,0.7976226657211362,-2.760276861457953,-107.68181667539855,37.75713462259182
0,-3.095611720295371,1.5165773852613291,1.4308648275002278,0.8149917068004234,-2.686935181414608,-107.65459772228974,37.75713462259182
0,-3.283177262267647,1.5314402240077911,1.6231184116455286,0.8101306914503507,-2.8767817414387,-107.64489591722123,37.75713462259182
0,-3.7008038683659774,1.697980931015144,1.548076417943909,0.7670986557901891,-3.3698959246076967,-107.68774555627374,37.75740411717705
0,-3.877100277570646,1.50575948395024,1.286479760853962,0.7465599550688009,-3.3368732786572917,-107.68181667539855,37.75740411717705
0,-3.7304218777766778,1.4921163279607577,1.2830031098347423,0.7413284744078185,-3.2906648531447362,-107.65459772228974,37.75740411717705
0,-3.664801244814063,1.480543767532187,1.345755576284389,0.7394019915352902,-3.156794155587499,-107.64489591722123,37.75740411717705
0,-3.7343879800186075,1.6110228227270975,1.4086494400317893,0.7385012051992236,-3.3480544788496194,-107.68774555627374,37.757673611762286
0,-4.168429598098002,1.4517736495007618,1.1071588882651255,0.7052975009222552,-3.7385670105881244,-107.68181667539855,37.757673611762286
0,-4.007380504705184,1.4457341380315785,1.1026219857043196,0.6829455708339706,-3.8584802165671057,-107.65459772228974,37.757673611762286
0,-3.2723624724685267,1.4564630091438069,1.471017988259526,0.7782145652498923,-2.8059231439012438,-107.64462642263601,37.757673611762286
0,-3.321011150395208,1.698679548141405,1.6221685073702825,0.8074639617781816,-2.982413567483313,-107.68774555627374,37.757943106347525
0,-4.276760375366671,1.4851649051317963,1.1906728949894088,0.7074157620188918,-3.782580058538638,-107.68181667539855,37.757943106347525
0,-3.9748373063636135,1.4769840473003124,1.1307386880674057,0.7107494571902158,-3.5619677624831034,-107.65459772228974,37.757943106347525
0,-3.2853507095577847,1.5366558324304804,1.457361223590843,0.7823008107938237,-2.8089304194770888,-107.64462642263601,37.757943106347525
0,-3.3668237268689687,1.7496810524706348,1.7097060862044196,0.8340533905136096,-2.927071324853113,-107.68774555627374,37.75821260093276
0,-4.691739903895272,1.4128424459600049,1.1767758692336392,0.7091371103396443,-4.052944269440626,-107.68181667539855,37.75821260093276
0,-3.564142191455084,1.519155140631062,1.278065276921137,0.734917195873076,-3.156018853751216,-107.65459772228974,37.75821260093276
0,-3.703051486560825,1.4682562482045398,1.312774529030412,0.7178232117589304,-3.2455979011395835,-107.64462642263601,37.75821260093276
0,-2.281439957946067,1.8265830780911676,2.0517951360516102,0.8895233942143805,-2.0256228119689865,-107.68774555627374,37.758482095518
0,-4.436744149525824,1.464052974563802,1.2113303430785665,0.7371139356990856,-3.8470819394382234,-107.68181667539855,37.758482095518
0,-3.316252691174556,1.5432855070127365,1.395921709185465,0.7919534497090605,-2.8748324993470993,-107.65459772228974,37.758482095518
0,-4.0972771056623,1.47941271492182,1.2648911009694324,0.7204621959378088,-3.8886432481088855,-107.64462642263601,37.758482095518
0,-1.9978404091653292,1.8651064948724692,2.40087983614634,0.9341032549078113,-1.779532248225899,-107.68774555627374,37.75875159010323
0,-4.051582420828938,1.5139696275456127,1.2568485370235165,0.7666122300502689,-3.6224932506948946,-107.68181667539855,37.75875159010323
0,-3.3792896087235373,1.5921524240709326,1.3416508262243896,0.7425477115352136,-2.9968995213511924,-107.65459772228974,37.75875159010323
0,-3.9741783908596986,1.4343117052182395,1.3059094668627502,0.7513132835912375,-3.604840888728289,-107.64462642263601,37.75875159010323
0,-1.9847962779804844,1.8948100809153228,2.4257779445349033,0.9466485395295186,-1.773608330628313,-107.68774555627374,37.75902108468847
0,-4.051582420828938,1.5139696275456127,1.2568485370235165,0.7666122300502689,-3.6224932506948946,-107.68181667539855,37.75902108468847
0,-3.3462128427194955,1.4968048201570185,1.2613027828599528,0.7451613463174159,-3.1135026563671335,-107.65459772228974,37.75902108468847
0,-3.3041948096443114,1.4948443491605556,1.5286046425664725,0.8240316299033115,-2.9334640055634575,-107.64462642263601,37.75902108468847
0,-3.05667605082758,1.6460736563274376,1.6942906842537333,0.8258443465491925,-2.6280214702520546,-107.6874760616885,37.7592905792737
0,-3.461864317930914,1.6726320067604747,1.6908391990790501,0.8429254515695963,-3.047803822628148,-107.68154718081331,37.7592905792737
0,-3.6813642786185925,1.5437451806413465,1.0890130288425999,0.6376716322527762,-3.6090033610638472,-107.65459772228974,37.7592905792737
0,-3.539571550428572,1.4758097234452792,1.4227483332214592,0.8157445378498523,-3.146328035697922,-107.64462642263601,37.7592905792737
0,-3.855297109999751,1.6606742552844003,1.5190148123560223,0.7760156873149839,-3.474375755997503,-107.6874760616885,37.75956007385894
0,-3.7281220215055475,1.485448577680525,1.4443380402886583,0.8443141119630797,-3.1085076359364523,-107.68154718081331,37.75956007385894
0,-3.5207098725396664,1.5424711689571946,1.2197164476159283,0.7132114347058257,-3.4205575337433762,-107.65459772228974,37.75956007385894
0,-3.72322400311746,1.4925596441066729,1.3313051656066337,0.7808380478477084,-3.354738962892137,-107.64462642263601,37.75956007385894
0,-4.106543381717907,1.714509090044332,1.446671502964323,0.725811588516204,-3.7855410587804474,-107.6874760616885,37.759829568444175
0,-4.284899896605662,1.490173414585758,1.1645877164486151,0.7421433180941481,-3.692053947767741,-107.68154718081331,37.759829568444175
0,-3.6405326843592944,1.4704718155903325,1.1959596198694038,0.7328598746675243,-3.359910133954864,-107.65459772228974,37.759829568444175
0,-3.7449399622274924,1.44841350548713,1.3399562887534437,0.7422155202565877,-3.4436098704624705,-107.64462642263601,37.759829568444175
0,-4.427583497952389,1.7419676450808246,1.3221443833303947,0.670944735094466,-4.025615556446304,-107.6874760616885,37.760099063029415
0,-5.0,1.4288159772388989,1.000962490838761,0.6791567693188101,-4.586983360234353,-107.68154718081331,37.760099063029415
0,-3.521939165215499,1.4286874974992476,1.2052565502224604,0.7317687382578132,-3.1784789452530173,-107.65459772228974,37.760099063029415
0,-3.9278624046303596,1.4720093518638802,1.303595542027903,0.7509319299564576,-3.4431953216931293,-107.64462642263601,37.760099063029415
0,-4.203529994110265,1.6340336840984666,1.2717197722426166,0.6952161692843128,-3.8366012916377605,-107.6874760616885,37.76036855761465
0,-3.8352986132377898,1.6279099844800835,1.4043362348671105,0.7769017015043872,-3.5565095078494613,-107.6845116212509,37.76036855761465
0,-3.8352986132377898,1.6279099844800835,1.4043362348671105,0.7769017015043872,-3.5565095078494613,-107.68424212666568,37.76036855761465
0,-3.6017897665874203,1.6812266001069693,1.6130339052445926,0.8235191026989136,-3.1860257061241564,-107.68397263208044,37.76036855761465
0,-4.037434574901696,1.5308540591271698,1.3262652842560863,0.7823173789491278,-3.6337692610616776,-107.6837031374952,37.76036855761465
0,-3.6327823794721708,1.5921757770632388,1.4064580121575296,0.7513612467142319,-3.2154499164017825,-107.68343364290996,37.76036855761465
0,-3.466757176271284,1.6685802488456096,1.5059842616459218,0.7835824681309718,-3.1354813108431694,-107.68316414832474,37.76036855761465
0,-3.466757176271284,1.6685802488456096,1.5059842616459218,0.7835824681309718,-3.1354813108431694,-107.6828946537395,37.76036855761465
0,-4.258350311086082,1.5716588747380305,1.34853205312295,0.7572815533980581,-3.62193420814354,-107.68262515915426,37.76036855761465
0,-4.401288143837824,1.555862670933955,1.2271941608162262,0.738666758109869,-3.8746437811591345,-107.68235566456903,37.76036855761465
0,-5.0,1.4721887025251665,1.0822257150019987,0.6728225954143711,-4.602941243549336,-107.68208616998379,37.76036855761465
0,-5.0,1.4721887025251665,1.0822257150019987,0.6728225954143711,-4.602941243549336,-107.68181667539855,37.76036855761465
0,-5.0,1.4023625602836103,0.9615158804752308,0.6841863624628814,-4.672634637270303,-107.68154718081331,37.76036855761465
0,-3.6860406011659674,1.4668642790198319,1.207368504828454,0.7524898260597287,-3.1386347450837624,-107.65459772228974,37.76036855761465
0,-4.007931871564777,1.4790207646558085,1.2944781704390704,0.7353670051222563,-3.5728243375545286,-107.64462642263601,37.76036855761465
0,-2.830412488248719,1.7066559548508256,1.696063118554437,0.7936847224760968,-2.4280554953698905,-107.6874760616885,37.76063805219988
0,-3.8688289891773344,1.5186862403620904,1.2006696493558504,0.6804332783668083,-3.4635081006016177,-107.68720656710327,37.76063805219988
0,-3.8688289891773344,1.5186862403620904,1.2006696493558504,0.6804332783668083,-3.4635081006016177,-107.68693707251803,37.76063805219988
0,-5.0,1.4353983416805391,1.0023441985104615,0.6146357261088212,-4.750325785525408,-107.6866675779328,37.76063805219988
0,-5.0,1.4160999835343726,0.9778718110199855,0.6680834833889091,-4.850477946365106,-107.68639808334756,37.76063805219988
0,-4.249448189811698,1.7145883459771314,1.4853338866364036,0.7309162186327929,-3.9225392800254517,-107.68612858876233,37.76063805219988
0,-3.569675773436841,1.733814305527239,1.636169020860789,0.8018027282441127,-3.1704148842292357,-107.68585909417709,37.76063805219988
0,-3.569675773436841,1.733814305527239,1.636169020860789,0.8018027282441127,-3.1704148842292357,-107.68558959959185,37.76063805219988
0,-3.8590478715764602,1.7399300608729455,1.4361854282281197,0.7771614139693357,-3.3878988793581337,-107.68532010500662,37.76063805219988
0,-4.043775950876835,1.556904400606981,1.3605920102085987,0.7492330868255271,-3.580240406713834,-107.68505061042138,37.76063805219988
0,-4.11017630179919,1.5331719128329306,1.2550818962038461,0.7288325311415641,-3.7141189907656447,-107.68478111583615,37.76063805219988
0,-3.246837557638697,1.5135728743089445,1.277922559713549,0.7694553810390623,-2.9378391176046366,-107.65459772228974,37.76063805219988
0,-3.8378968412236505,1.4527382340558233,1.273510115688256,0.724047789575099,-3.473888569777362,-107.64462642263601,37.76063805219988
0,-3.000946955865712,1.416849825436869,1.3685170905260415,0.8091285090965767,-2.8018640805779342,-107.65459772228974,37.76090754678512
0,-3.802838420570046,1.4591833264120395,1.283082749183111,0.7307380124548654,-3.560294736516908,-107.64462642263601,37.76090754678512
0,-3.0420078356440325,1.5834686346863471,1.4275610199529936,0.8356182269225748,-2.550704560841992,-107.65459772228974,37.76117704137035
0,-3.981959187412514,1.4815853806946715,1.2088519729854226,0.7272928474502952,-3.6199918773283493,-107.64462642263601,37.76117704137035
0,-3.130774956992996,1.5344738766212846,1.4838091775696283,0.848124537743197,-2.799233441278605,-107.65459772228974,37.76144653595559
0,-3.084892536745495,1.4130520848845278,1.4395354453280997,0.8317565582759388,-2.6709887990043524,-107.6543282277045,37.76144653595559
0,-3.044285284897448,1.5497803806735002,1.4287571022372727,0.8301125807834607,-2.714256764761603,-107.65405873311926,37.76144653595559
0,-2.9742677243586595,1.4912363067292642,1.4844203363220767,0.7933908143521508,-2.7662574847024395,-107.65378923853402,37.76144653595559
0,-3.1334712072217346,1.4788591140402718,1.4706692711056437,0.7970365188901617,-2.752372271892887,-107.65351974394879,37.76144653595559
0,-3.2737812699619457,1.546380580840919,1.4408108359468375,0.8254687661866772,-2.760737932294587,-107.65325024936355,37.76144653595559
0,-3.5398477104529675,1.4213721918639948,1.367118554884724,0.7840092508466177,-3.071434270043966,-107.65298075477831,37.76144653595559
0,-3.795600506566003,1.3873712449734734,1.2739958349323164,0.7542294704870286,-3.3386393498824916,-107.65271126019309,37.76144653595559
0,-4.088311137312514,1.3816431171847339,1.2239885950702993,0.7058931180003712,-3.6369214612907426,-107.65244176560785,37.76144653595559
0,-4.127079548260721,1.3816431171847339,1.2088977348147782,0.7049271734458603,-3.6707260570605262,-107.65217227102261,37.76144653595559
0,-4.160234056431213,1.3597560975609766,1.1603169309533545,0.7103161397670549,-3.659114896784259,-107.65190277643737,37.76144653595559
0,-4.195418575669347,1.3678048780487806,1.1637456921880962,0.7182689700275956,-3.7636147100980857,-107.65163328185214,37.76144653595559
0,-3.9237955367439317,1.4204939329848407,1.1865577086035097,0.762985451354748,-3.3994086569432365,-107.6513637872669,37.76144653595559
0,-3.5820650909792073,1.4325056828116796,1.3254133972896192,0.7553581532455239,-3.2468943878370498,-107.65109429268166,37.76144653595559
0,-3.6391283850236418,1.3955903790087458,1.33078062598681,0.7674637220633407,-3.3188128343525705,-107.65082479809642,37.76144653595559
0,-3.2691177783718084,1.454304014997658,1.3705386009612655,0.776467898066516,-2.916873592049654,-107.6505553035112,37.76144653595559
0,-3.259884216856121,1.447517296486537,1.3387246519466227,0.793699236769664,-2.9042713442506165,-107.65028580892596,37.76144653595559
0,-3.345273915164273,1.4063945087881748,1.2774455249155192,0.7667687241328838,-3.245125576909926,-107.65001631434072,37.76144653595559
0,-4.083810136589749,1.3403822092930078,1.1177921749387798,0.7173108151223081,-3.7516932798525175,-107.64974681975549,37.76144653595559
0,-4.282520880063786,1.3463358240599836,1.1177921749387798,0.7006076164571649,-3.8448700520170664,-107.64947732517025,37.76144653595559
0,-4.165047801603318,1.4186183460129025,1.1724495558314452,0.7270096698636606,-3.7348308363034177,-107.64920783058501,37.76144653595559
0,-4.107434958934676,1.412992876023711,1.1774692003907306,0.7218442270952184,-3.641304518019404,-107.64893833599977,37.76144653595559
0,-4.102491664618105,1.3918608077218737,1.2179760364300796,0.7376650620453676,-3.5370007350067807,-107.64866884141455,37.76144653595559
0,-4.120389392595167,1.4006268790247847,1.2179760364300796,0.7383021002237935,-3.636663280744035,-107.64839934682931,37.76144653595559
0,-4.8062497457864986,1.3892175088727388,1.1318807324254798,0.6820929641859281,-4.211167046634917,-107.64812985224407,37.76144653595559
0,-4.569281569635084,1.4048756843673038,1.1048505022872201,0.6762869190360425,-4.151652690521543,-107.64786035765883,37.76144653595559
0,-4.243065786048096,1.4419237749546292,1.1997423756408758,0.7177497311059374,-3.863809943943178,-107.6475908630736,37.76144653595559
0,-4.183715984343378,1.3954897940992967,1.1859804532268303,0.7222875197472352,-3.8341354302939403,-107.64732136848836,37.76144653595559
0,-4.261245994707091,1.4036318967860213,1.1971338994395881,0.7263644969616596,-3.9037407106060518,-107.64705187390312,37.76144653595559
0,-4.359919145161762,1.3743640242901702,1.1328074402226047,0.730431939465418,-3.8388163800675823,-107.6467823793179,37.76144653595559
0,-4.501467466132754,1.3926392442432591,1.1339972378798417,0.6947857113895307,-3.9908782950491024,-107.64651288473266,37.76144653595559
0,-4.323939079629911,1.4302961705338633,1.1307441793952682,0.7348180123614245,-3.8577189282631226,-107.64624339014742,37.76144653595559
0,-3.83565709697437,1.3880386629077726,1.1817255222328011,0.7323547294362897,-3.629264299482131,-107.64597389556218,37.76144653595559
0,-3.9320576704237817,1.4085451977401136,1.2020104728687415,0.7323547294362897,-3.629264299482131,-107.64570440097695,37.76144653595559
0,-4.377518247882325,1.4092501751927125,1.2030560271646855,0.7058409224923018,-3.946404681107918,-107.64543490639171,37.76144653595559
0,-4.587638909764207,1.4232580490148958,1.1684194914436743,0.7042079983293307,-4.092569374739538,-107.64516541180647,37.76144653595559
0,-4.587638909764207,1.4269213174748392,1.152803703711176,0.7095072052334374,-4.054278369015551,-107.64489591722123,37.76144653595559
0,-4.371993221694496,1.4551426101987905,1.162160795535997,0.7063423110338835,-3.8494875601686953,-107.64462642263601,37.76144653595559
0,0.31450591730114763,1.9018785998069645,3.154529416721176,0.8805320856023906,-0.15349296967741,-107.70580169348455,37.772226319365025
0,0.17052363053175545,1.829212390609807,2.876649704993778,0.8569694220609426,-0.17714924512473496,-107.7055321988993,37.772226319365025
0,0.23478062920188947,1.9048570550261301,3.0029876752576485,0.8656856339308543,-0.22636680244333807,-107.70526270431407,37.772226319365025
0,0.4671784764518545,1.8872052507900492,3.1035709086165393,0.9134490800725578,-0.18062903342828274,-107.70499320972884,37.772226319365025
0,0.41616158421047,1.880259212689815,3.040899553170999,0.8423876507819736,-0.10462633603183136,-107.7047237151436,37.772226319365025
0,0.41616158421047,1.880259212689815,3.040899553170999,0.8423876507819736,-0.10462633603183136,-107.70445422055836,37.772226319365025
0,0.3450202446240269,1.9242657631844935,3.0005325665525815,0.8036241116087155,-0.11349728299594863,-107.70418472597314,37.772226319365025
0,0.24047159408251706,1.8005188652642266,2.7845149035398555,0.79343445083324,-0.11740206526085561,-107.7039152313879,37.772226319365025
0,0.1540462869621927,1.7913328945420386,2.687339928828382,0.7929752565547892,-0.1468172787752925,-107.70364573680266,37.772226319365025
0,0.060604152475071116,1.634379703289616,2.528700574898423,0.8056976890491967,-0.1512956243881759,-107.70337624221742,37.772226319365025
0,0.060604152475071116,1.634379703289616,2.528700574898423,0.8056976890491967,-0.1512956243881759,-107.70310674763219,37.772226319365025
0,0.08138192040628289,1.8078703681759922,2.7587712123662604,0.8372035348833919,-0.18727445864906467,-107.70580169348455,37.77249581395026
0,0.09508218772849042,1.5061228836119689,2.4719074019117215,0.8399560470975005,-0.013552562682638047,-107.70283725304695,37.77249581395026
0,0.24812378489249065,1.7493922374046438,2.9625284551729645,0.9208392816228698,-0.13630637782070631,-107.68585909417709,37.77249581395026
0,0.13844565654442764,1.6360831656606303,2.7925615235974948,0.9075532397813174,-0.09125083124109956,-107.68558959959185,37.77249581395026
0,0.05861653313640147,1.3937532773382757,2.3212248862342157,0.8505384654263981,0.01220144724457184,-107.68532010500662,37.77249581395026
0,0.05861653313640147,1.3937532773382757,2.3212248862342157,0.8505384654263981,0.01220144724457184,-107.68505061042138,37.77249581395026
0,0.042320925086335004,1.3517550662639242,2.273462569769647,0.8413480168594709,0.01911585224129919,-107.68478111583615,37.77249581395026
0,0.02326764498298073,1.3983744287238988,2.3308877754248685,0.8412438305924583,-0.009882647434228842,-107.6845116212509,37.77249581395026
0,0.022083295290570182,1.4303523961090572,2.345104433410376,0.841765008642507,-0.0070408941594672925,-107.68424212666568,37.77249581395026
0,0.02043345020244436,1.4646871648323354,2.3424766043669267,0.8309160176236373,-0.015972738416743404,-107.68397263208044,37.77249581395026
0,0.13851763023101493,1.6955896983157037,2.667092667225485,0.8243958971918623,-0.14939277430446396,-107.7055321988993,37.7727653085355
0,0.20813168380073543,1.7741848071538255,2.8894803606733315,0.8642697651339729,-0.12489630979601185,-107.70283725304695,37.7727653085355
0,0.3172044576224047,1.8312177186378367,3.0889094922985385,0.9038622397198398,-0.1401677240407262,-107.68585909417709,37.7727653085355
0,-0.0032508500764969472,1.4914812656405332,2.362011953307994,0.8181239933109683,-0.06743271106216198,-107.6837031374952,37.7727653085355
0,0.05152282494132021,1.5803297446299474,2.480586789135264,0.8067906608626833,-0.09875286794854277,-107.7055321988993,37.77303480312073
0,0.1363656869100569,1.5850397698426124,2.5644876445841875,0.8347113798790543,-0.05819177194006242,-107.70256775846171,37.77303480312073
0,0.4271223548528651,1.9458632149728872,3.3582648825210213,0.9758748161337771,-0.2690280235073863,-107.68936252378515,37.77303480312073
0,0.26755905915188083,1.992896643783371,3.1050514926831396,0.8408527413247575,-0.20086121450888528,-107.68585909417709,37.77303480312073
0,-0.1112366486592613,1.5343843022902623,2.3322070493380584,0.7911828064726216,-0.15056175002457994,-107.6837031374952,37.77303480312073
0,0.26862782965395016,1.6939104365748545,2.577804373660402,0.8133431727509628,-0.127255603124387,-107.70526270431407,37.77330429770597
0,0.2965300506367987,1.7968823288503954,2.9769157256777143,0.8539219123328671,-0.12987364608457974,-107.70256775846171,37.77330429770597
0,-0.007108138825985044,1.7607083694880497,2.5504289230132873,0.8142015155767613,-0.23004016044953723,-107.68963201837039,37.77330429770597
0,0.051134074246193206,1.785651500565066,2.659998676009166,0.8170998817623231,-0.2146772598566553,-107.68909302919992,37.77330429770597
0,0.0899050179132812,1.747326080994606,2.703320854474425,0.797357341947823,-0.1546811629762017,-107.68882353461468,37.77330429770597
0,0.32743637977565077,2.0025794904190355,3.2048409585961504,0.8387344255290223,-0.1885957525111417,-107.68585909417709,37.77330429770597
0,-0.13680865450249624,1.5273412500888865,2.19753394519252,0.7748644183289617,-0.15042123921613482,-107.68343364290996,37.77330429770597
0,0.12518509327582994,1.7657059289500945,2.849495611963931,0.8802141879049236,-0.13671649919057471,-107.70526270431407,37.7735737922912
0,0.14499326692258308,1.895350560798459,2.8280502136274577,0.8332391129914655,-0.1766466528460766,-107.70229826387647,37.7735737922912
0,-0.018933034509372892,1.8054221493415008,2.5991516124871934,0.8075172935453641,-0.2610469830515072,-107.68990151295563,37.7735737922912
0,0.14714680907088007,1.688629165365571,2.6300595353394947,0.7839102762289578,-0.12394500017702015,-107.68855404002944,37.7735737922912
0,0.21701611094641415,1.783810253789814,2.9242038133375132,0.8354916353364763,-0.17068690251302843,-107.68828454544422,37.7735737922912
0,0.47790631710653275,2.0753194715183017,3.3484611598503675,0.8516547783402362,-0.17750971621559675,-107.68585909417709,37.7735737922912
0,-0.11093271883808131,1.39227200041943,2.070289626327878,0.7843706592137634,-0.10091839145594106,-107.68343364290996,37.7735737922912
0,0.13269865993727525,1.927190842559581,3.2339698910837615,0.8510176312208678,-0.20219046362017967,-107.70499320972884,37.77384328687644
0,0.46434512825295027,1.9623279591034197,3.183583599637764,0.883871385731739,-0.2511601973515323,-107.70229826387647,37.77384328687644
0,-0.0822617165183126,1.694606491518888,2.4776344846857206,0.807713674602454,-0.2647353077997403,-107.69017100754087,37.77384328687644
0,0.1400450379533671,1.6512369745516406,2.693797795899571,0.8331191108069871,-0.1375733391523899,-107.68801505085898,37.77384328687644
0,0.09487868202094218,1.8068395052272817,2.8505053214067706,0.8070058268966452,-0.11796873601688906,-107.68558959959185,37.77384328687644
0,-0.06582992823423528,1.3429312925723385,2.0824494191966996,0.7963215294513838,-0.031560969076040446,-107.68343364290996,37.77384328687644
0,-0.09119793940099641,1.3420385769572412,2.0573793325456666,0.8063662147852346,-0.05154288851696687,-107.68316414832474,37.77384328687644
0,0.12453233446262557,1.6711133311785615,2.716472912766951,0.8771885337544231,-0.1591565199095677,-107.70499320972884,37.774112781461675
0,0.5360604519437344,2.02800136038998,3.21270168158465,0.8080214781466891,-0.11587796156971186,-107.70283725304695,37.774112781461675
0,1.1590978352248815,2.446333530455353,3.727100501344239,0.8535964431451365,-0.2575805889867995,-107.70256775846171,37.774112781461675
0,0.06058820647097496,1.7043351924081585,2.677109293747738,0.8500097305382907,-0.18946395282284434,-107.69017100754087,37.774112781461675
0,0.12442118183338335,1.6373142542652728,2.5979166513067957,0.8126111879818148,-0.0833218975435146,-107.68801505085898,37.774112781461675
0,0.06980571573211375,1.731918983115764,2.732797695927492,0.822947069319773,-0.11774135936913033,-107.68532010500662,37.774112781461675
0,-0.007961009607070801,1.4760797473184075,2.365652644299465,0.8123835095692309,-0.0553818550729005,-107.6845116212509,37.774112781461675
0,-0.023475262225764126,1.36791939703178,2.211193080816619,0.8111579725091199,-0.018601962327976063,-107.68424212666568,37.774112781461675
0,-0.025817065246705795,1.36791939703178,2.186905580796177,0.8108596195521308,-0.018601962327976063,-107.68397263208044,37.774112781461675
0,-0.01962742101973447,1.408783409116114,2.220555658712005,0.8018357541079812,-0.013820975591204876,-107.6837031374952,37.774112781461675
0,0.0744355353410262,1.6485241001370035,2.596650105561306,0.8481742084192649,-0.206650886030731,-107.7047237151436,37.774382276046914
0,0.8760413106727212,2.386382169067681,3.8988468732680435,0.8890610684432582,-0.2344274860207911,-107.70337624221742,37.774382276046914
0,0.5108311553902332,1.9775702426564488,3.1617968446185,0.8416361166421646,-0.11037016079688078,-107.70310674763219,37.774382276046914
0,0.0294063287266908,1.7311726272352135,2.8759306022915956,0.8823729731145712,-0.18433747662120403,-107.6904405021261,37.774382276046914
0,0.2922567058021297,1.8081015163833019,3.0164460347694684,0.8823682353378152,-0.12632061401888883,-107.68774555627374,37.774382276046914
0,-0.0048534612768363905,1.5482957337739327,2.5069947894516513,0.836583944544573,-0.12317018806517133,-107.68505061042138,37.774382276046914
0,-0.006980837213273694,1.5441722942034273,2.526835543010094,0.8417164193497646,-0.10186448619161848,-107.68478111583615,37.774382276046914
0,0.2561994749554073,1.885780346820808,2.736297134178541,0.8121954333624157,-0.2174850905997725,-107.7047237151436,37.77465177063215
0,0.2289049404542789,1.9070836747700985,3.350145080235227,0.928777702066907,-0.1883254514979822,-107.7039152313879,37.77465177063215
0,0.2289049404542789,1.9070836747700985,3.350145080235227,0.928777702066907,-0.1883254514979822,-107.70364573680266,37.77465177063215
0,-0.04018203239732843,1.7430349373433889,2.913607303567156,0.9283565462603216,-0.2817698748710771,-107.69070999671133,37.77465177063215
0,0.4010407387123651,1.9065991620111724,3.138660030349962,0.8771893045682376,-0.12067346547742974,-107.68774555627374,37.77465177063215
0,0.17940805611739763,2.01836034648319,3.2638154673317072,0.9130106426760118,-0.29542314273501247,-107.70445422055836,37.77492126521739
0,0.9750275423570147,2.2703598352645553,3.6641020955506156,0.9060881427307361,-0.2706476325266325,-107.70418472597314,37.77492126521739
0,0.256426053251267,1.842090675113838,3.1479352633784075,0.9022812094990305,-0.21882824773795484,-107.6904405021261,37.77492126521739
0,0.14756263345089016,1.7541715628672157,2.929996592114952,0.8769925292637131,-0.13400506491584663,-107.6874760616885,37.77492126521739
0,0.06709713843530396,1.7552952891414586,2.8549951915490226,0.85536068973754,-0.18843142906754207,-107.69017100754087,37.77519075980262
0,0.10493038247069664,1.65167533317263,2.6949967770395733,0.8346062658022975,-0.11031771240532673,-107.6874760616885,37.77519075980262
0,0.25930407150772217,1.6440492606152821,3.134189231287,0.9993255395683454,-0.07931784569015599,-107.701759274706,37.77546025438785
0,0.04985551952676481,1.7332928241790673,2.726630130046364,0.8206334165939756,-0.1776625532795102,-107.68990151295563,37.77546025438785
0,0.11122648213823672,1.715335432770302,2.785879638218576,0.8636632686616245,-0.14447542944567715,-107.68963201837039,37.77546025438785
0,0.09727697556477288,1.6292384832340958,2.5881182668107594,0.8048394981261202,-0.09162630949298722,-107.6874760616885,37.77546025438785
0,0.1364865298139082,1.6823494648368251,2.713734446416045,0.8188642002136868,-0.10639567061848632,-107.68720656710327,37.77546025438785
0,0.2990364419266005,1.6605405026955118,3.3454769639964423,1.064772545889864,-0.1131346014449377,-107.70202876929125,37.77572974897309
0,0.9478871717879374,2.0361108507823618,3.9761624268681777,1.0793521252199076,-0.15328909512103062,-107.70148978012077,37.77572974897309
0,0.11934181361729879,1.9119220634033385,3.1754646290739776,0.907709786514479,-0.31839235331486004,-107.68936252378515,37.77572974897309
0,0.07312924131632204,1.5626440228542573,2.4679867368551145,0.7910474669688621,-0.06640546777713507,-107.68855404002944,37.77572974897309
0,0.07312924131632204,1.5626440228542573,2.4679867368551145,0.7910474669688621,-0.06640546777713507,-107.68828454544422,37.77572974897309
0,0.06514297391188562,1.5284671532846712,2.4121568361858223,0.7936802648403425,-0.061611543251464784,-107.68801505085898,37.77572974897309
0,0.057432680280857795,1.5164068908941757,2.4097458007545667,0.796630308656301,-0.0636424760992147,-107.68774555627374,37.77572974897309
0,0.28555975179339455,1.6551504590845119,3.3083055468096716,1.0110782628255595,-0.07198230045506637,-107.70229826387647,37.775999243558324
0,0.5286945244461884,1.9882963607506143,3.817966400017669,1.0692033030887589,-0.17400516570627744,-107.70148978012077,37.775999243558324
0,0.21913381812537147,1.892764071601047,3.247811654733847,0.9456734102718916,-0.21753448905144934,-107.68909302919992,37.775999243558324
0,0.05972384800410635,1.8378464861794739,3.016427484383336,0.9061419980977783,-0.258901591888146,-107.68882353461468,37.775999243558324
0,0.21265203324727056,1.5881115032214201,3.121625807725559,1.0116303580757209,-0.046617458191405836,-107.70256775846171,37.776268738143564
0,0.41615938673123964,1.7537325234509522,3.6154654981370458,1.0812752980026419,-0.111273521486706,-107.70122028553554,37.776268738143564
0,0.18363338895460757,1.614547413793103,3.0804639733073915,0.9749254947363907,-0.09652399065608286,-107.70229826387647,37.7765382327288
0,0.3471277854375121,1.8148296554356453,3.517096604497824,1.0450142637846884,-0.14001648056114935,-107.7009507909503,37.7765382327288
0,0.2663531013233489,1.814241505991256,3.375812382084537,1.0255837308189122,-0.21338705407505587,-107.70202876929125,37.776807727314036
0,0.27218648906859455,1.7926121842645564,3.308814212597234,0.9944030204679268,-0.13754434055831333,-107.7009507909503,37.776807727314036
0,0.46193234658368554,1.9703140109469035,3.7568034378667017,1.014440065055194,-0.13898899456472524,-107.701759274706,37.77707722189927
0,0.3114254884948282,1.8629948879956688,3.2090104934483263,0.9512540021000205,-0.20828130419049362,-107.70068129636506,37.77707722189927
0,0.5260870053699872,1.9254329784428923,3.660541034808181,0.9941816874411018,-0.10415195044335046,-107.701759274706,37.77734671648451
0,0.3780999727689096,1.8234978348697402,3.2469470041559534,0.9419724036499846,-0.10922934572391607,-107.7009507909503,37.77734671648451
0,0.51549856984795,1.948823402896148,3.6054068790152076,0.9920112389332087,-0.09762321040746846,-107.70148978012077,37.77761621106974
0,0.4050035722175743,1.8989507181833434,3.5566609870742565,0.9582015723409856,-0.06075887566176785,-107.7009507909503,37.77761621106974
0,0.4147818545705402,1.81895615317947,3.64489393276632,1.0778012731209976,-0.09933830264234633,-107.70122028553554,37.77788570565498
0,0.6120137293000163,2.9710248358549847,5.061171585588174,0.893300032306966,-0.15417836066752044,-107.69178797505228,37.77788570565498
0,0.9984562086378626,2.7327787507297163,4.45132632525733,0.8871025558303764,-0.3470191792564028,-107.69151848046704,37.77788570565498
0,0.9984562086378626,2.7327787507297163,4.45132632525733,0.8871025558303764,-0.3470191792564028,-107.69124898588181,37.77788570565498
0,1.2531623264956788,2.3437832610908877,3.80083378048165,0.9350022958064961,-0.3337555759798776,-107.69097949129657,37.77788570565498
0,0.6363618625057228,2.0413631163826844,3.3534210088558436,0.9506796793307772,-0.3035910038528422,-107.69070999671133,37.77788570565498
0,0.15816344688313722,1.9021580828809748,3.119319867436066,0.9678194698532561,-0.3218781748785078,-107.6904405021261,37.77788570565498
0,0.6060555843009594,2.0414678580723513,3.434166726676908,0.8790492573837616,-0.1441630240508729,-107.69178797505228,37.778155200240214
0,0.2640278472168329,1.8717520725532748,3.248243481224865,0.9794151480293034,-0.3191012909291864,-107.6904405021261,37.778155200240214
0,0.6503649763412789,2.1737579777249403,3.6363200480474354,0.8943164529450117,-0.19381654159627915,-107.69178797505228,37.77842469482545
0,0.24268501340307536,1.9668317127005912,3.3819769692467245,1.0097991600719936,-0.29557950631793584,-107.6904405021261,37.77842469482545
0,0.2514843456321192,1.7034482758620684,2.8740072944107955,0.8780564658432066,-0.08541296477487248,-107.69205746963752,37.778694189410686
0,1.22854722273462,2.2197104897878255,3.992053703429681,1.0862998372660702,-0.40142523623588144,-107.6904405021261,37.778694189410686
0,0.14416913387158292,1.7056126347966374,2.841180343258735,0.8815064298836495,-0.14020091775209398,-107.69205746963752,37.77896368399592
0,3.3331781802728306,2.1406448983087474,4.289236474749988,1.1402841196187445,-0.2656203719475019,-107.6904405021261,37.77896368399592
0,0.12724985235664044,1.8335659172304548,2.7837509885002145,0.8697047192767433,-0.22801582267129672,-107.69205746963752,37.77923317858116
0,5.0,3.089259301839589,3.7844478195933613,0.8226380654214027,-1.0239646283760009,-107.69178797505228,37.77923317858116
0,0.13082083527230837,1.8722727963456074,2.9690852790557436,0.8850974302477084,-0.29771369796598457,-107.69151848046704,37.77923317858116
0,0.13082083527230837,1.8722727963456074,2.9690852790557436,0.8850974302477084,-0.29771369796598457,-107.69124898588181,37.77923317858116
0,0.5516589143603053,2.023919203175067,3.315345590720769,0.9336972822723282,-0.23044341268830404,-107.69097949129657,37.77923317858116
0,1.76167344513557,2.1691842271760775,3.829556240403939,1.016860457625837,-0.25663061300202084,-107.69070999671133,37.77923317858116
0,0.7815439335758217,2.0116547883026548,4.03468981169395,1.148440128989385,-0.31810092027191017,-107.6904405021261,37.77923317858116
